mod_Peptide	Protein	WT_Control_1	WT_Control_2	WT_Control_3	WT_Control_4	WT_HU_1	WT_HU_2	WT_HU_3	WT_HU_4	CV_WT_Control_1	CV_WT_HU_1	Peptide	Position
_[Acetyl (Protein N-term)]M[Oxidation (M)]DNK[Acetyl (K)]TPVTLAK_	Q3E7X9	21411.0078125	46777.2734375	37379.25390625	33233.984375	1	1	1	1	0.303063623592624	0	MDNKTPVTLAK	1
_[Acetyl (Protein N-term)]M[Oxidation (M)]ENDK[Acetyl (K)]GQLVELYVPR_	Q3E754	271328.40625	231927.671875	177218.0625	368185.75	1611.84167480469	4633.98193359375	6143.13525390625	3393.33056640625	0.307168282251506	0.486517126507039	MENDKGQLVELYVPR	1
_[Acetyl (Protein N-term)]M[Oxidation (M)]ENDK[Acetyl (K)]GQLVELYVPRK_	Q3E754	292765.375	221148.5625	174659.4375	333087.6875	682586.9375	724299.25	688707.25	638452.375	0.277985547082582	0.0515312908608337	MENDKGQLVELYVPRK	1
_[Acetyl (Protein N-term)]M[Oxidation (M)]K[Acetyl (K)]GSPISQFSK_	P36526	1318430.875	1451839.375	1338339.25	1013808.5625	820661.3125	790352.4375	756091.875	757604.5	0.146274142102549	0.0393042029933268	MKGSPISQFSK	1
_[Acetyl (Protein N-term)]MDSK[Acetyl (K)]TPVTLAK_	P0C0X0	269543.6875	401586.71875	325072.21875	318894.9375	9824.365234375	3947.06762695312	1	1	0.16586453668696	1.34837510817435	MDSKTPVTLAK	1
_[Acetyl (Protein N-term)]MENDK[Acetyl (K)]GQLVELYVPR_	Q3E754	961420.25	1227308.75	1442320.75	1401305.875	1	1	1	1	0.173788510766648	0	MENDKGQLVELYVPR	1
_[Acetyl (Protein N-term)]SSAAEK[Acetyl (K)]K_	P02294	9250.55078125	3408.61791992188	1	10321.0478515625	180885.53125	174215.8125	111466.390625	127875.296875	0.850803635661429	0.230066554538443	SSAAEKK	2
_[Acetyl (Protein N-term)]SSAAEK[Acetyl (K)]KPASK_	P02294	1267612.625	1229740	1136296.625	1277776.125	580502.5625	580611.6875	546324.25	513771.25	0.0524853659979281	0.0577110923019468	SSAAEKKPASK	2
_AADALLLK[Acetyl (K)]VNQIGTLSESIK_	P00925	1	1	1	1	2031.56384277344	1922.14074707031	2924.28637695312	1	0	0.715575595681769	AADALLLKVNQIGTLSESIK	339
_AIK[Acetyl (K)]EESQSIYIPR_	P17255	41328.75	37121.81640625	1	57172.4140625	1	1	2402.14306640625	1	0.713614929129395	1.99667379453982	AIKEESQSIYIPR	115
_AK[Acetyl (K)]GVVSLK_	P53914	52921.79296875	43484.171875	28587.48828125	2722.55883789062	34533.9765625	38565.69921875	48236.04296875	3672.52124023438	0.685794570498012	0.616418949940298	AKGVVSLK	1017
_AK[Acetyl (K)]QGELLEAFGSGTAAVVSPIK_	P38891	40674.03515625	37457.5546875	42296.37109375	149417.09375	18712.04296875	289931.125	262558.65625	238952	0.810453408204663	0.61375383686106	AKQGELLEAFGSGTAAVVSPIK	321
_AK[Acetyl (K)]VEEM[Oxidation (M)]NNIIAASR_	O14455	2051943.125	1265354	1267585.25	1787647.875	955344.9375	1004044.875	714152.375	890277.75	0.246261832774252	0.142260605090502	AKVEEMNNIIAASR	85
_APAEK[Acetyl (K)]KPAAK_	P02294	1085272.375	1117194.5	1069777.875	1094808	419763.5625	402706.9375	408721.9375	493782.75	0.0181772886375717	0.0980575989866158	APAEKKPAAK	13
_APAEKK[Acetyl (K)]PAAK_	P02294	1880843.25	1883173.75	1837191.75	1884605.375	714616.125	702601.6875	703210.6875	841131.1875	0.012233136918634	0.0910166044574179	APAEKKPAAK	13
_ASTDFSK[Acetyl (K)]IETLKQLNASLADK_	P32471	273058.09375	117596.7578125	125612.4140625	87287.359375	14868.5498046875	20229.962890625	9560.1669921875	5244.22509765625	0.550749259868294	0.520803894850868	ASTDFSKIETLKQLNASLADK	2
_AVGK[Acetyl (K)]VLPELQGK_	P00358	56175.11328125	26956.916015625	53034.26171875	53939.07421875	18861.005859375	23503.85546875	17335.4296875	28983.904296875	0.289867517561265	0.236571056416143	AVGKVLPELQGK	214
_DAK[Acetyl (K)]SSAYSSR_	P26321	2529726	1547706.125	2017752.375	1991880	2017462.25	2278298.25	2201997.75	1247838.75	0.198600789764456	0.24370985323555	DAKSSAYSSR	6
_DALNLGPSFADFVSGK[Acetyl (K)]ASK_	P32875	9570.4765625	3161.04248046875	1486.75	9557.4697265625	35851.828125	4394.06591796875	11902.8671875	7531.45849609375	0.712588662557914	0.957785384704052	DALNLGPSFADFVSGKASK	83
_DFAC[Carbamidomethyl (C)]NGNIVK[Acetyl (K)]DPEM[Oxidation (M)]GEIIQLQGDQR_	P32911	58222.0546875	29762.001953125	13920.7255859375	49507.63671875	9560.525390625	1924.89270019531	11262.0966796875	9785.609375	0.525919296137208	0.517278083617691	DFACNGNIVKDPEMGEIIQLQGDQR	61
_DGK[Acetyl (K)]YMATC[Carbamidomethyl (C)]LLYR_	P09733	585031.9375	531154.1875	466389.34375	775368.9375	78139.078125	42734.12109375	157200.328125	298684.0625	0.225749230341667	0.787637157317795	DGKYMATCLLYR	310
_DK[Acetyl (K)]EYGVSR_	Q06218	233294.1875	299382.46875	381774.34375	1	707926.8125	628022.9375	720529.9375	853481.125	0.717654306335398	0.128455125726927	DKEYGVSR	378
_DK[Acetyl (K)]TLISWK_	P38011	1.02359127998352	71589.4296875	217793.0625	1.71767735481262	1	1	2351.208984375	1	1.41913568781961	1.99660183099585	DKTLISWK	39
_DLFHPEQLISGK[Acetyl (K)]EDAANNYAR_	P09733	131073.546875	81304.6484375	111063.890625	143352.15625	133033.359375	76777.234375	1	41548.74609375	0.23213277599649	0.896600314563158	DLFHPEQLISGKEDAANNYAR	86
_DLHLK[Acetyl (K)]PVVSVK_	P32582	1	12346.6865234375	8869.0634765625	13891.0048828125	106523.453125	82189.953125	44155.9609375	27197.185546875	0.708239121558146	0.553363754187792	DLHLKPVVSVK	371
_DNSSEESVFLNGM[Oxidation (M)]AGSK[Acetyl (K)]LPIAVAHGEGK_	P38972	9593.2470703125	10247.900390625	7525.64306640625	15972.990234375	10728.33984375	3978.43286132812	3288.8662109375	1518.62158203125	0.333781985283678	0.827111079149508	DNSSEESVFLNGMAGSKLPIAVAHGEGK	1231
_DTK[Acetyl (K)]IAQDFLQLSK_	P32912	44196.4921875	613363.625	478966.46875	714161.375	367409.53125	311159.40625	353470.59375	260631.875	0.63792684588682	0.148728622661415	DTKIAQDFLQLSK	110
_EDLRFGVK[Acetyl (K)]NGVHM[Oxidation (M)]VFASFIR_	P00549	25872.046875	6517.35546875	123305.9375	41903.56640625	5297.3515625	670.855163574219	14953.25390625	1499.64282226562	1.03949930586658	1.16843636334716	EDLRFGVKNGVHMVFASFIR	197
_EEK[Acetyl (K)]PVQTEEK[Acetyl (K)]TEEK_	P05453	6903.0908203125	1020.52325439453	11990.4375	14574.078125	1	1	1	1	0.694313438335853	0	EEKPVQTEEKTEEK	196
_EFDK[Acetyl (K)]LEK_	P32860	136555.34375	30903.197265625	85819.328125	199736.34375	104702.0625	116645.390625	116454.25	77857.1328125	0.635832883927946	0.175601952885884	EFDKLEK	238
_EFVNNM[Oxidation (M)]WAWDK[Acetyl (K)]PVVVNGEDK_	P36008	1.04303586483002	8854.9482421875	1	1.16868281364441	309913.96875	247679.5625	160943.703125	120713.421875	1.99903314222517	0.406112929317545	EFVNNMWAWDKPVVVNGEDK	384
_EIDGRPINC[Carbamidomethyl (C)]DM[Oxidation (M)]STSK[Acetyl (K)]PAGNNDR_	P27476	2557.87890625	337.998077392578	1439.01879882812	215.906692504883	1	440.431030273438	1	769.033752441406	0.962447841915235	1.23318238268252	EIDGRPINCDMSTSKPAGNNDR	233
_EIDYK[Acetyl (K)]DDVLDVILNQR_	P38132	126550.171875	24276.515625	28033.783203125	110113.0625	1382.62133789062	2129.49755859375	1376.68212890625	964.136962890625	0.742786857197172	0.331767234353216	EIDYKDDVLDVILNQR	131
_EK[Acetyl (K)]VPFK_	Q06493	104866.9609375	85056.3125	72164.984375	134882.640625	99424.375	144501.125	127349.796875	134154.25	0.275109215492356	0.152665372879171	EKVPFK	77
_FFEK[Acetyl (K)]NSSAVITDGLKPIHIVTK_	P32582	302541.34375	278513.78125	256151.8125	342117.96875	321591.90625	301516.21875	290138.65625	272186.8125	0.124742155770212	0.0698699658887729	FFEKNSSAVITDGLKPIHIVTK	478
_FFQK[Acetyl (K)]EM[Oxidation (M)]FDPSK_	P48360	7510147	7584580.5	7266846.5	7738554	4231337	3958574.25	3674445.75	3944254	0.0261333780128184	0.0575450061400748	FFQKEMFDPSK	255
_FGVK[Acetyl (K)]NGVHM[Oxidation (M)]VFASFIR_	P00549	43927.28125	5589.60498046875	10038.4013671875	7978.46630859375	7589.13037109375	5820.20947265625	1689.49743652344	1464.04162597656	1.0732792130838	0.736294131797981	FGVKNGVHMVFASFIR	201
_FK[Acetyl (K)]SSFAVALNAASK_	P18900	517005.46875	466326.09375	459184.1875	537529.625	101991.375	25442.962890625	25366.39453125	15022.9169921875	0.07734826439876	0.96105068863633	FKSSFAVALNAASK	21
_FQK[Acetyl (K)]STELLIR_	P61830	3602637	2369013	2640845.5	3004579.5	1338667.75	1562233.25	1937437.375	2400845	0.183674062281284	0.256975730257183	FQKSTELLIR	55
_FTK[Acetyl (K)]DVPDFEGVYVK_	P09436	61081.296875	10276.72265625	25806.525390625	51387.875	18847.583984375	1765.08093261719	3723.2294921875	1760.15270996094	0.626925714991733	1.26724766858765	FTKDVPDFEGVYVK	359
_FVPSK[Acetyl (K)]PM[Oxidation (M)]C[Carbamidomethyl (C)]VEAFSEYPPLGR_	P02994	10884528	1344142	3730246.75	7541462.5	279978.3125	915689.9375	1015915.875	1331772.75	0.715429708325522	0.497957631894153	FVPSKPMCVEAFSEYPPLGR	402
_GGK[Acetyl (K)]GLGK_	P02309	195136	214518.203125	208525.015625	216575.484375	330367.78125	337597.78125	282451.28125	267853.71875	0.0462840985598061	0.113638498722243	GGKGLGK	7
_GITK[Acetyl (K)]PVK_	P53927	25623.28515625	4348.31103515625	18758.671875	38563.55078125	49797.75	44276.61328125	49386.43359375	30637.7578125	0.653104147633949	0.205648723020754	GITKPVK	188
_GK[Acetyl (K)]GGK[Acetyl (K)]GLGK_	P02309	943139.625	938201.75	912021.5	923280.0625	580522.5625	532750.5	559266.5625	563934.0625	0.0152897441968769	0.0354203712068462	GKGGKGLGK	5
_GK[Acetyl (K)]GGKGLGK_	P02309	236931.96875	174459.015625	207172.578125	187186	109076.2109375	3588.2470703125	9467.5771484375	78499.2578125	0.135156405185258	1.03589879172491	GKGGKGLGK	5
_GKGGK[Acetyl (K)]GLGK_	P02309	517722.90625	463924	497895.46875	454667.09375	2885.568359375	292.876068115234	1	207.739486694336	0.0607988857614161	1.61159932800383	GKGGKGLGK	5
_GLGK[Acetyl (K)]GGAK_	P02309	132907.8125	120738.78125	103957.296875	97664.875	147901.28125	117189.6015625	123917.1015625	132874.5625	0.140802641429512	0.101772439453807	GLGKGGAK	10
_GLGK[Acetyl (K)]GGAKR_	P02309	792862.1875	575983.1875	662411.4375	645784.4375	79336.3359375	80577.890625	85151.5078125	145886.46875	0.135238552174043	0.329413133959227	GLGKGGAKR	10
_GQEVK[Acetyl (K)]EQAEASIDNLK_	Q08245	199955.546875	108241.96875	13488.4677734375	97077.078125	203345.296875	262512.0625	246324.96875	350913.8125	0.728786943003877	0.233311579546654	GQEVKEQAEASIDNLK	30
_GSQVAVEK[Acetyl (K)]VIEFLSANKK_	P19882	59278.4375	37893.640625	51991.4609375	47392.5625	1	32310.001953125	7395.8076171875	3715.83325195312	0.182191379212602	1.34658104737546	GSQVAVEKVIEFLSANKK	140
_HEMK[Acetyl (K)]TNEDNINATK_	P38822	17357.814453125	17115.0234375	28701.748046875	8581.734375	47787.48828125	40858.8984375	30889.314453125	15195.921875	0.460142417469153	0.419863309521575	HEMKTNEDNINATK	347
_HGK[Acetyl (K)]DAAGK_	Q06266	91346.90625	27695.27734375	67180.453125	293458.09375	57852.53125	72504.3671875	67217.8125	41194.79296875	0.989235701479169	0.230172451249417	HGKDAAGK	433
_HIIVDGK[Acetyl (K)]K_	P00359	6891.91748046875	22647.97265625	117512.7265625	205664.40625	143705.1875	228180.875	62701.70703125	85486.5859375	1.04688140553903	0.567585076669657	HIIVDGKK	64
_HVGDM[Oxidation (M)]GNVK[Acetyl (K)]TDENGVAK_	P00445	455943.875	384057.4375	560505.5625	593198.3125	4759.93603515625	30265.76953125	22486.279296875	33892.23828125	0.192858792404637	0.567388799145371	HVGDMGNVKTDENGVAK	81
_IIVK[Acetyl (K)]IENQQGVNNFDEILK_	P00549	596113.75	380099.8125	656927.375	629803.1875	725398	835404	1072141.5	746640.5625	0.223130009799053	0.187967275460191	IIVKIENQQGVNNFDEILK	237
_ILNIIK[Acetyl (K)]C[Carbamidomethyl (C)]SQSSHLSDNDFIINDFK_	P28005	1	32849.0546875	1518.60241699219	12562.9638671875	1	5824.7080078125	1	1	1.29122420996054	1.99862724762646	ILNIIKCSQSSHLSDNDFIINDFK	137
_INQLK[Acetyl (K)]EELNGLNPK_	P38934	18317.625	1	1679.20275878906	9888.6806640625	89199.6796875	88047.921875	67251.125	57004.1953125	1.1273300446254	0.210494755883219	INQLKEELNGLNPK	167
_ITK[Acetyl (K)]DGVTVAK_	P19882	21131.38671875	18684.787109375	22456.43359375	48117.68359375	75915.203125	129516.09375	114739.609375	55206.33203125	0.498920463752231	0.365186418157905	ITKDGVTVAK	70
_IVLK[Acetyl (K)]DGAVK_	P04801	322095.1875	217765.671875	224005.328125	434156.375	205845.828125	205347.640625	167766.109375	205161.671875	0.339527578611529	0.0961331718639902	IVLKDGAVK	77
_IVSVPFVDPK[Acetyl (K)]PIPQNTNYK_	P53254	75182.9765625	44505.40234375	90900.0625	97168.7265625	162637.078125	185836.578125	170597.359375	106285.21875	0.305659066084774	0.222143419163208	IVSVPFVDPKPIPQNTNYK	157
_K[Acetyl (K)]AAASTPEPNLK_	P32790	212162.234375	267012.09375	153920.828125	237090.125	82937.4921875	88138.59375	48714.9375	61121.77734375	0.220547114160234	0.263594387394874	KAAASTPEPNLK	813
_K[Acetyl (K)]AADALLLK_	P00925	22132.548828125	1	1	34609.3125	124762.1875	153188.8125	115811.328125	80284.75	1.20916073524296	0.253615358987705	KAADALLLK	338
_K[Acetyl (K)]AADESLK_	P33892	1	78171.9921875	37507.69140625	212303.015625	144810.828125	302008.59375	431803.65625	282164.34375	1.12872393156312	0.404774720835131	KAADESLK	1506
_K[Acetyl (K)]AEVILNEK_	P32843	40730.484375	106474.2109375	57675.5234375	50432.51953125	246645.75	77232.8515625	196626.484375	243790.546875	0.458511298734616	0.414939276200592	KAEVILNEK	636
_K[Acetyl (K)]DIAAYKEK_	P32568	241043.546875	180301.15625	191548.96875	366237.3125	56621.3359375	34640.92578125	18089.05078125	34519.46875	0.347902152425322	0.439622119275963	KDIAAYKEK	460
_K[Acetyl (K)]DSGSSK[Acetyl (K)]PAFSFGAK_	P14907	1145785.375	1088038	928542.6875	1054144.75	526922.0625	441166.71875	596276.875	473813.34375	0.0871566602564986	0.132993364724519	KDSGSSKPAFSFGAK	503
_K[Acetyl (K)]FALEK_	P38688	310434.6875	220223.71875	297507.5	254863.109375	220802.8125	224883.765625	223032.734375	273023.71875	0.152222830817325	0.106670807321632	KFALEK	77
_K[Acetyl (K)]FPDLGLK_	P40456	131678.953125	18339.0546875	114840.265625	251987.71875	57780.39453125	88352.1171875	107623.0703125	28264.89453125	0.742044560395501	0.494212021652644	KFPDLGLK	783
_K[Acetyl (K)]GSISAEHGIGFHK_	P39976	234231.609375	15431.6943359375	51896.046875	259326.1875	4607.681640625	8218.1328125	1	13293.685546875	0.886897412384518	0.861385624890115	KGSISAEHGIGFHK	448
_K[Acetyl (K)]IGPDGLIK_	Q08960	703085.75	446420.0625	468214.375	940021.125	467221.21875	491191.125	570666.5625	688864.5625	0.362260985902336	0.180169192805714	KIGPDGLIK	182
_K[Acetyl (K)]IPIITDK_	P07806	80550.359375	20798.46875	33615.43359375	81945.921875	320926.8125	377322.21875	338927.40625	273817.84375	0.583495711257345	0.131086595629078	KIPIITDK	416
_K[Acetyl (K)]IVSNASC[Carbamidomethyl (C)]TTNC[Carbamidomethyl (C)]LAPLAK_	P00360	119230.5859375	93200.53125	107114.7890625	119898.7109375	63867.9375	70230.0546875	62830.10546875	75309.015625	0.114374051168218	0.0857512374870289	KIVSNASCTTNCLAPLAK	143
_K[Acetyl (K)]LINDVDAAQK_	P43564	24025.34375	468797.71875	69262.1953125	14389.3681640625	238385.15625	307226.78125	280343.5	258389.921875	1.51105057680153	0.109063799598366	KLINDVDAAQK	898
_K[Acetyl (K)]LIVSEFAK_	Q06096	71314.5859375	39664.703125	38458.328125	46163.38671875	13502.7314453125	19999.453125	21842.201171875	24896.517578125	0.313316350008027	0.240056375885507	KLIVSEFAK	166
_K[Acetyl (K)]PLQLR_	P53292	49679.62109375	41309.1640625	32917.51171875	18267.74609375	28842.984375	15732.3203125	20825.525390625	22477.43359375	0.376911821490248	0.246122908577017	KPLQLR	105
_K[Acetyl (K)]PSIK_	P32901	233855.296875	310466.46875	149661.546875	247491.453125	123647.0390625	133494.96875	124511.4453125	94806.078125	0.28112521991579	0.141094284524077	KPSIK	220
_K[Acetyl (K)]QLASK_	P61830	171955.90625	153582.3125	145560.34375	142647.125	102814.96875	91323.3046875	86732.7265625	89389.453125	0.0859232376115028	0.0765690468658381	KQLASK	19
_K[Acetyl (K)]QLASK[Acetyl (K)]AAR_	P61830	2585660.25	2323906	2256315.25	2736301.5	1703480.875	1504982.25	1416524	1134753.625	0.090679468282945	0.164035160553529	KQLASKAAR	19
_K[Acetyl (K)]QYPVEEFK_	P04802	77955.421875	91742.328125	104585.1015625	109024.7578125	595912.6875	584045.125	897218.3125	836055.25	0.145967875516738	0.222077803719747	KQYPVEEFK	382
_K[Acetyl (K)]QYSK_	P40080	5430934.5	4457652.5	4547779.5	5658374.5	3846625	4140870.75	4432803	5374001.5	0.121384646801455	0.148752638223959	KQYSK	134
_K[Acetyl (K)]SAPSTGGVK_	P61830	870729.0625	785520.3125	880790.375	831267	821090.0625	722057.4375	777556.75	725656.25	0.051468518426343	0.0618165094978247	KSAPSTGGVK	28
_K[Acetyl (K)]SDILQK_	P18544	16183.236328125	25401.82421875	15323.30078125	34994.12109375	25454.130859375	12062.787109375	17294.3984375	21387.203125	0.401295006601458	0.300609948960398	KSDILQK	335
_K[Acetyl (K)]SESVVYQGSR_	P17967	189982.078125	149971.328125	158479.859375	285886.1875	151357.328125	173208.875	158416.171875	125766.859375	0.317703750217097	0.130286001856781	KSESVVYQGSR	461
_K[Acetyl (K)]SEVFSTYADNQPGVLIQVFEGER_	P22202	28121.6796875	15487.8193359375	15738.1943359375	39594.0078125	4669.185546875	1270.0224609375	3622.14038085938	4636.142578125	0.466068720443685	0.449484303055382	KSEVFSTYADNQPGVLIQVFEGER	422
_K[Acetyl (K)]STGGK[Acetyl (K)]APR_	P61830	3296609.5	3093804	2986659.75	2832888	1937143.125	1627466.125	1674509.75	1667295	0.0638219923207068	0.0821705815411952	KSTGGKAPR	10
_K[Acetyl (K)]TADGK_	Q12176	53188.0234375	4239.32763671875	1004.87634277344	13598.0361328125	228982.859375	193247.15625	221677.625	259209.25	1.33576403604093	0.120022179994377	KTADGK	861
_K[Acetyl (K)]TEPDK[Acetyl (K)]PAFSFNSSVGNK_	P14907	1	1	1	1	8482.919921875	12559.904296875	10002.9345703125	13667.7021484375	0	0.211398078208229	KTEPDKPAFSFNSSVGNK	190
_K[Acetyl (K)]TSQNR_	Q06833	101384.1171875	118377.875	153376.0625	169481.203125	66254.8125	58993.20703125	145215.59375	60362.8046875	0.230425155641296	0.505299058138358	KTSQNR	745
_K[Acetyl (K)]TSTSTDGK_	P02293	87347.265625	99817.65625	73686.484375	67446.921875	39911.34765625	32074.431640625	42277.77734375	29095.8125	0.176135109470268	0.174756269915268	KTSTSTDGK	23
_K[Acetyl (K)]TSTSVDGK_	P02294	436352.0625	397560.5	321861.3125	404413.1875	182429.71875	162916.90625	180637.625	193810.8125	0.124339983197784	0.0709393651863958	KTSTSVDGK	23
_K[Acetyl (K)]TSTSVDGKK_	P02294	44766.96484375	43634.28515625	44336.91796875	52341.609375	37861.03515625	41566.16015625	60082.171875	43647.6796875	0.0880617132957476	0.21456000869625	KTSTSVDGKK	23
_K[Acetyl (K)]TVDHK_	P34077	41814.44140625	1	10667.599609375	1	1	20286.357421875	33767.1171875	4339.58203125	1.50741362208891	1.0598129737442	KTVDHK	167
_K[Acetyl (K)]VAPKPK_	P43596	12876.5517578125	9869.904296875	15337.337890625	22343.37109375	1	1	136.37760925293	1	0.351979015171323	1.94260197141506	KVAPKPK	126
_K[Acetyl (K)]VDEPIK_	P04802	86617.9453125	56810.31640625	81545.3125	130749.4765625	67895.4765625	78570.921875	69626.59375	72336.171875	0.346002137512879	0.06491165506793	KVDEPIK	174
_K[Acetyl (K)]VDHLGIK_	P40335	6548.2197265625	3527.51708984375	7445.14111328125	28056.876953125	20249.8828125	24822.94140625	24534.767578125	20324.255859375	0.985919332476527	0.112908065580651	KVDHLGIK	64
_K[Acetyl (K)]VGIVGLGGIGSM[Oxidation (M)]GTLISK_	Q04894	235419.640625	47502.890625	319744.34375	238414.375	105756.890625	245719.90625	92167.765625	89104.953125	0.548479980534091	0.565893790819532	KVGIVGLGGIGSMGTLISK	182
_K[Acetyl (K)]VIEGK_	P25491	232759.828125	65040.578125	181539.9375	375609.40625	133655.265625	152079.640625	108661.84375	110765.7265625	0.602266363641901	0.162989432608201	KVIEGK	309
_K[Acetyl (K)]VSVSSTPGK_	P53145	49414.52734375	30217.74609375	20091.35546875	22546.296875	11353.1953125	10015.41015625	21508.708984375	4750.98388671875	0.434591008584211	0.588457792404127	KVSVSSTPGK	361
_K[Acetyl (K)]VTLELGGK_	P46367	64990.38671875	9895.0380859375	6530.59912109375	56751.25390625	14572.3701171875	16072.1416015625	26040.09375	15457.26171875	0.886416524715236	0.297846760596611	KVTLELGGK	286
_K[Acetyl (K)]YGVGIK_	P21954	170248.1875	61577.0625	138748.53125	90505.7265625	24978.98046875	59535.62890625	42297.48046875	47038.51953125	0.421147842404313	0.329195364334004	KYGVGIK	82
_K[Acetyl (K)]YNNLMER_	P43585	49883.79296875	7986.68505859375	39284.00390625	170946.421875	14103.42578125	10928.8125	19351.3984375	9296.9169921875	1.06717347673916	0.330043965568157	KYNNLMER	71
_K[Acetyl (K)]YTTLGK_	P26784	17167.029296875	16291.8203125	16937.921875	16564.90625	25062.173828125	27668.03515625	19226.06640625	20267.673828125	0.02321377336332	0.173017963814031	KYTTLGK	134
_KAEK[Acetyl (K)]PETK_	P41920	108974.734375	132734.28125	83376.2578125	126458.84375	118929.109375	130628.625	115794.7578125	135840.578125	0.19571048523271	0.0757750924074046	KAEKPETK	33
_KPASK[Acetyl (K)]APAEK_	P02294	565868.1875	552764.1875	548451	567730.6875	308046.71875	269995.1875	306245.25	289724.28125	0.0170807876586785	0.0603352650735663	KPASKAPAEK	8
_KQLASK[Acetyl (K)]AAR_	P61830	3930668	3540937.5	3761364.75	3660043	13094.6728515625	1	1	1	0.0443250160031413	1.99938920447238	KQLASKAAR	19
_KSTGGK[Acetyl (K)]APR_	P61830	2332422	2095357.625	2263671.75	2343962	309943.25	351871.90625	257571.34375	437096.46875	0.0507404121839819	0.223691257354717	KSTGGKAPR	10
_LLDK[Acetyl (K)]ARL_	P40990	1805473.5	1183302.25	1738990.5	1853140.625	1491895.375	2139956.75	2299396.25	2389123.75	0.189327911006905	0.194916187822334	LLDKARL	345
_LLQTPIDM[Oxidation (M)]SLK[Acetyl (K)]PNDAESEK_	P06169	1.01714885234833	79943.96875	121312.859375	35.7239952087402	199201.765625	238268.734375	181586.359375	146987.4375	1.2020776996507	0.198290897126605	LLQTPIDMSLKPNDAESEK	180
_LLQTPIDM[Oxidation (M)]SLK[Acetyl (K)]PNDAESEKEVIDTILALVK_	P06169	1	1	1	1	1	1	1	1	0	0	LLQTPIDMSLKPNDAESEKEVIDTILALVK	180
_LLQTPIDM[Oxidation (M)]SLKPNDAESEK[Acetyl (K)]EVIDTILALVK_	P06169	18291.791015625	1	5601.71435546875	1	1	7372.16845703125	1	1	1.4439419209783	1.99891527901408	LLQTPIDMSLKPNDAESEKEVIDTILALVK	180
_LTNQLK[Acetyl (K)]SLK[Acetyl (K)]GLQSK_	Q08723	599198.4375	482585.4375	552153.0625	469164.34375	1	1	1	1	0.115987477429647	0	LTNQLKSLKGLQSK	190
_LVAAPLYVLTTQALDK[Acetyl (K)]QK_	P20459	1	1.4582691192627	1	1	1	2883.60473632812	1	1	0.205581631347765	1.99722857795551	LVAAPLYVLTTQALDKQK	222
_M[Oxidation (M)]K[Acetyl (K)]ETAESYLGAK_	P10592	63439.80078125	98829.4609375	98328.59375	88934.90625	3122.583984375	7516.0869140625	4501.953125	1	0.189948662167815	0.824066792793679	MKETAESYLGAK	125
_MK[Acetyl (K)]EILSNAEELEQVVQLVGK_	P17255	534048.125	756413.4375	609500.4375	557306.25	18705.6015625	8782.927734375	1	5912.50634765625	0.162532367561754	0.93548898732745	MKEILSNAEELEQVVQLVGK	940
_MK[Acetyl (K)]ETAESYLGAK_	P10592	160917.78125	40479.9296875	149027.71875	558652.75	5796.29541015625	6441.48046875	46887.26953125	100441.5625	1.00088757970883	1.12075646937806	MKETAESYLGAK	125
_NADNVDK[Acetyl (K)]ILEQFEYVLYPSK_	P19097	1143484.75	1234277.875	1140375	1212972.875	1922866.125	1769631.875	1788787.875	1493908.625	0.0405646487844887	0.103223762259472	NADNVDKILEQFEYVLYPSK	1610
_NGK[Acetyl (K)]PVM[Oxidation (M)]EVTSSFFYR_	P07149	139419.953125	154282.09375	263186	228579.453125	41201.359375	41142.30078125	93569.578125	169539.40625	0.301513874600095	0.702886181734915	NGKPVMEVTSSFFYR	1399
_NK[Acetyl (K)]DTAPHIVVATPGR_	Q07478	17709.392578125	1	379830.34375	1904953.5	703381.1875	1	1944196.25	1	1.56932203869508	1.38529501637445	NKDTAPHIVVATPGR	180
_NK[Acetyl (K)]PELYQIDYLGTK_	P22141	10218.703125	34378.74609375	21207.341796875	5101.72900390625	95295.0703125	88924.8203125	119999.09375	100413.703125	0.732031885065733	0.132574639609592	NKPELYQIDYLGTK	112
_NPIVDFK[Acetyl (K)]K_	P41695	2357716.75	1769695.5	2046310.125	2390789.5	1873926.5	2186087.5	1940864.75	2068629.125	0.136483859627695	0.0686388495492158	NPIVDFKK	693
_NSTIPTK[Acetyl (K)]K_	P22202	162815.609375	47433.8828125	152072.28125	285845.625	79596.5625	78732.3515625	61494.36328125	42716.109375	0.60215620130699	0.265191541534465	NSTIPTKK	415
_PAAK[Acetyl (K)]K[Acetyl (K)]TSTSTDGK_	P02293	1244.88220214844	4590.04296875	3456.17724609375	1.01826190948486	84194.515625	70076.5546875	84864.109375	63262.671875	0.895324021041667	0.141316319616702	PAAKKTSTSTDGK	19
_PASK[Acetyl (K)]APAEK[Acetyl (K)]K_	P02294	5799.9111328125	2390.4521484375	14692.548828125	7059.67724609375	366603.84375	395669.53125	325215.625	316525.90625	0.693821266770698	0.105221163888242	PASKAPAEKK	9
_PSYYLDPEAAAAGAAAVANQGK[Acetyl (K)]K_	P00950	1.02943623065948	1	1	1	195952.890625	146377.375	145332.3125	134331.15625	0.0146105951177528	0.176944579341848	PSYYLDPEAAAAGAAAVANQGKK	225
_QAFLADQNK[Acetyl (K)]VPENEAILLDTLK_	P25375	41212.33203125	42259.05078125	39888.06640625	42233.85546875	6046.88427734375	2085.63427734375	667.345947265625	2587.36474609375	0.027022707052264	0.801975942444751	QAFLADQNKVPENEAILLDTLK	262
_QK[Acetyl (K)]ALIER_	P48234	307015.53125	283740.71875	284297.28125	507258.96875	269463.59375	256981.421875	225804.546875	234273.359375	0.313478303439937	0.0815951632833818	QKALIER	579
_QLASK[Acetyl (K)]AAR_	P61830	749428.9375	749890.4375	525148.0625	628873.625	1275129.125	1109588	1060009.875	1054572.875	0.16326714573879	0.0917607263442987	QLASKAAR	20
_RADLVGEATK[Acetyl (K)]LVYNSVSK_	P00812	53392.49609375	44600.87109375	15839.1962890625	9001.142578125	1	1	1	1	0.703437034868347	0	RADLVGEATKLVYNSVSK	91
_RFQK[Acetyl (K)]STELLIR_	P61830	68898.5703125	33835.66796875	38416.99609375	22803.431640625	14517.857421875	14963.3544921875	13810.0302734375	24368.935546875	0.481275419794558	0.295116000888872	RFQKSTELLIR	54
_SAPAADHNAAK[Acetyl (K)]PIPHVPQASR_	P36148	75942.390625	89642.859375	86654.84375	107431.9609375	78890.5234375	65465.4453125	102543.9375	98645.9453125	0.145397977799535	0.20108275372292	SAPAADHNAAKPIPHVPQASR	2
_SAPAADHNAAK[Acetyl (K)]PIPHVPQASRR_	P36148	42068.88671875	112260.3671875	105678.3203125	66632.296875	93287.2265625	56057.55859375	77692.0234375	83490.1953125	0.406553528736983	0.202973194128354	SAPAADHNAAKPIPHVPQASRR	2
_SASK[Acetyl (K)]EEIAALIVNYFSSIVEKK_	Q12118	1	1	1	1	3988.2509765625	3654.50805664062	1	1	0	1.15629614067799	SASKEEIAALIVNYFSSIVEKK	2
_SDIAKYDGSK[Acetyl (K)]TDPIGDEEQSINDTIFK_	P09436	170324.515625	180900.765625	101886.75	149873.46875	923.876831054688	626.07861328125	1	7351.10302734375	0.232355382501937	1.54509539929118	SDIAKYDGSKTDPIGDEEQSINDTIFK	1040
_SEPSEK[Acetyl (K)]K_	P53228	19599.96875	19961.64453125	41996.60546875	38991.359375	60293.94140625	11063.796875	8728.2470703125	9381.490234375	0.398920838301957	1.1313094009495	SEPSEKK	2
_SEQK[Acetyl (K)]EDLFKPVGEAAAEVEDESIAEQNK_	P53303	1.09096193313599	1	1	1.188521027565	1	5699.31396484375	1	1	0.0840990620759564	1.99859706076352	SEQKEDLFKPVGEAAAEVEDESIAEQNK	2
_SEQKEDLFK[Acetyl (K)]PVGEAAAEVEDESIAEQNK_	P53303	349864.125	268529.21875	186856.28125	238212.765625	4460.15283203125	6254.48876953125	1813.58422851562	2349.4921875	0.261589763913682	0.548457393139599	SEQKEDLFKPVGEAAAEVEDESIAEQNK	2
_SGIKK[Acetyl (K)]EPIESDEVPQQETK_	Q06685	53964.77734375	75053.4140625	102319.6953125	52680.8203125	1	1	13927.791015625	1	0.327590287076394	1.99942573253801	SGIKKEPIESDEVPQQETK	2
_SITK[Acetyl (K)]TELDGILPLVAR_	P27616	8949.341796875	5709.37158203125	2268.9775390625	1774.43005371094	1	1	273.153930664062	1	0.715161437495536	1.97103064953389	SITKTELDGILPLVAR	2
_SK[Acetyl (K)]LNDAVEYVSGR_	P22943	90417.421875	74210.3125	191455.5625	253419.21875	1	3588.91528320312	1893.88232421875	1	0.557969458539473	1.25939451121258	SKLNDAVEYVSGR	87
_SK[Acetyl (K)]TSPYVLPVPFLNVLNGGSHAGGALALQEFM[Oxidation (M)]IAPTGAK_	P00925	1210.37512207031	1093.89758300781	35086.44921875	6620.23388671875	2791.11401367188	3098.654296875	15381.826171875	3080.58813476562	1.47794815792143	1.0179713118514	SKTSPYVLPVPFLNVLNGGSHAGGALALQEFMIAPTGAK	140
_SK[Acetyl (K)]WMGK[Acetyl (K)]GVMNAVNNVNNVIAAAFVK_	P00925	1050034.875	628422.8125	413200.46875	1250075.25	827798.4375	198460.484375	124402.671875	26068.04296875	0.457948921485341	1.23285440748305	SKWMGKGVMNAVNNVNNVIAAAFVK	55
_SLK[Acetyl (K)]EEQVSIKQDPEQEER_	P32457	174244.609375	191682.890625	195626.875	168076.109375	32722.669921875	10250.44921875	1.91068029403686	2007.39562988281	0.07306023480874	1.33288546202073	SLKEEQVSIKQDPEQEER	2
_SLK[Acetyl (K)]EGNTVR_	P53622	387855.3125	3144989	3118022.5	35391.98828125	864503.25	1178190.75	2271114.25	2128306.75	1.01220157840247	0.431365881170349	SLKEGNTVR	1056
_SLQAAK[Acetyl (K)]PAPK_	Q01163	928617.25	726418	708423.375	852506.25	696340	692236.9375	631672.375	650606	0.130521763440515	0.0474583758462739	SLQAAKPAPK	20
_SSAAEK[Acetyl (K)]KPASK_	P02294	82994.3828125	61500.51953125	49139.421875	54204.94921875	1	1	1	1	0.240683143394392	0	SSAAEKKPASK	2
_SSEDK[Acetyl (K)]KPVVDK_	P41920	122633.4609375	132134.671875	103379.140625	123297.390625	33092.44921875	30266.884765625	51955.40234375	32626.8828125	0.100709059562147	0.271900780410443	SSEDKKPVVDK	2
_SSSK[Acetyl (K)]FEEVINK_	P28495	484699.875	517363.34375	377637	441167.125	288278.34375	287412.03125	226684.84375	244937.296875	0.132702103402734	0.118223625642776	SSSKFEEVINK	2
_STETTK[Acetyl (K)]PSITTTPTTVLVSPNTLKR_	P38151	118471.6640625	15131.3203125	80176.4921875	82994.28125	196613.765625	11056.2587890625	5361.18798828125	14877.1884765625	0.580356820371979	1.6352742454145	STETTKPSITTTPTTVLVSPNTLKR	2
_STSADTDTIKK[Acetyl (K)]PILAVPEPALADTHSEEISR_	P31381	45324.73046875	63091.94921875	47685.14453125	46533.94140625	1	1998.21032714844	1	1	0.164719407626021	1.99600241919029	STSADTDTIKKPILAVPEPALADTHSEEISR	2
_TASGNIIPSSTGAAK[Acetyl (K)]AVGK_	P00358	82739.3828125	76669.875	61254.6328125	99970.46875	25806.740234375	59543.58984375	58604.07421875	48405.51171875	0.199695483302195	0.326229245721617	TASGNIIPSSTGAAKAVGK	199
_THGAPTDEVRHVGDM[Oxidation (M)]GNVK[Acetyl (K)]TDENGVAK_	P00445	18087.822265625	4352.431640625	16557.474609375	11458.0048828125	3653.63403320312	3426.2451171875	3367.7060546875	1920.16149902344	0.491058481091462	0.255780975074691	THGAPTDEVRHVGDMGNVKTDENGVAK	71
_TSK[Acetyl (K)]PSTSDGR_	Q07825	211847.328125	209334.578125	187205.59375	193431.203125	151172.09375	138850.046875	135882.578125	114003.09375	0.0599686140524055	0.114615644390082	TSKPSTSDGR	2
_VETGVIK[Acetyl (K)]PGM[Oxidation (M)]VVTFAPAGVTTEVK_	P02994	9875.2060546875	583959.5	124562.15625	60432.18359375	29295.783203125	52357.34765625	25354.818359375	27667.634765625	1.35439687384296	0.373147284643814	VETGVIKPGMVVTFAPAGVTTEVK	265
_VETGVIK[Acetyl (K)]PGMVVTFAPAGVTTEVK_	P02994	47509752	26289788	22547824	52894536	34379588	24320920	18544430	15415421	0.405377037059554	0.359888157341104	VETGVIKPGMVVTFAPAGVTTEVK	265
_VFK[Acetyl (K)]PSQGM[Oxidation (M)]VVEISNGNTSSK_	P07149	22859.62890625	6459.04931640625	26018.07421875	16923.83203125	13368.2412109375	18304.091796875	36053.4765625	19909.21484375	0.476441095672609	0.448770814990813	VFKPSQGMVVEISNGNTSSK	1173
_VK[Acetyl (K)]DTVK_	P32589	202548.828125	162774.265625	221744.4375	292901.4375	225681.625	224355	209336.78125	187215.4375	0.247544664196147	0.0845514855627496	VKDTVK	126
_VKVNNAIETSIK[Acetyl (K)]NGVSSTGK_	P32909	68131.1015625	83614.7578125	49425.046875	70253.0546875	197580.1875	177488.4375	297315.8125	73713	0.207344838613122	0.49141386829291	VKVNNAIETSIKNGVSSTGK	469
_VSGFK[Acetyl (K)]DEVLETV_	P23248	48102.3203125	1	1956.8310546875	44188.21484375	1	1397.91455078125	204.799713134766	2977.81225585938	1.10932074437683	1.19453261500262	VSGFKDEVLETV	244
_VVITAPSSTAPMFVM[Oxidation (M)]GVNEEK[Acetyl (K)]YTSDLK_	P00358	19329.314453125	14274.8115234375	10128.7841796875	10081.5859375	2904.48559570312	2382.40942382812	1	2496.28955078125	0.32576101007712	0.676205432809076	VVITAPSSTAPMFVMGVNEEKYTSDLK	117
_WM[Oxidation (M)]GK[Acetyl (K)]GVM[Oxidation (M)]NAVNNVNNVIAAAFVK_	P00925	1791398.625	769098.125	1591074.875	1570906.5	1297700.625	1443096.25	1800260.75	441422.4375	0.316020864148375	0.462592493294527	WMGKGVMNAVNNVNNVIAAAFVK	57
_YLPGK[Acetyl (K)]HPK_	Q02206	297852.96875	282310.40625	227551.515625	87626.5859375	400392.25	373095.78125	252601.34375	327211.4375	0.427461613472225	0.191046725066973	YLPGKHPK	21
