Protein,Disorder_Start,Disorder_End
Q07457,200,250
Q05949,1,31
Q05949,372,395
P32504,544,564
P32504,653,672
P32504,679,715
P32504,810,837
P42846,1,70
P42846,142,213
P42846,281,303
P42846,375,442
P42846,454,478
P42846,548,591
Q06147,1,20
Q06147,101,130
Q06147,180,207
Q06147,333,336
Q06147,506,525
Q92325,339,364
P38703,390,411
P36093,294,366
Q12511,95,122
Q12511,470,492
P37012,1,23
P37012,119,120
P37012,294,295
P37012,378,380
P51533,1,37
P51533,839,872
Q02785,1,37
Q04182,1,38
Q04182,829,873
P12383,1,38
P12383,95,120
P12383,133,166
P12383,1005,1029
P33200,104,126
P33302,1,32
P33302,52,71
P33302,824,858
Q06149,1,22
P42841,1,26
P42841,417,465
P53872,35,179
P53903,53,92
P53903,106,129
P40091,132,169
P40091,323,363
P40961,264,287
P12868,637,656
P32609,36,58
P40335,84,108
P13259,1,70
P13259,348,424
P53238,23,92
P53124,1,20
P53124,51,81
P25693,248,270
P38794,1,46
P40038,1,82
P40038,134,155
P40038,268,321
P40186,1,42
Q08966,1,32
Q08966,143,163
Q08966,223,252
P40345,1,71
P32896,510,596
P32896,674,693
P32896,904,925
P50109,56,101
P50109,227,248
P50109,280,593
P42073,187,254
P42073,260,279
P42073,321,344
P0CX40,1,31
Q03323,1,45
Q03323,121,162
P53438,1,45
P53438,78,121
P53438,202,355
P53438,519,538
P53438,642,785
P40167,18,91
P40167,109,128
P50278,36,85
P36048,140,147
P36048,188,192
P36048,214,217
P36048,268,271
P36048,315,317
P36048,504,536
P35177,80,118
P35177,209,268
P35177,331,384
P35177,566,724
P35177,1286,1332
P32583,1,335
P09007,101,121
P09007,137,161
P09007,201,221
Q12516,1,24
Q02794,1,77
P13574,177,199
P13574,211,239
P13574,285,305
P13574,587,610
P13574,630,688
P23561,452,481
Q08673,80,99
Q08673,118,142
P38198,461,716
P38198,586,605
P38198,648,701
P38198,1089,1180
Q04673,1,70
P38931,416,511
P38931,653,691
P38871,1,53
P38871,67,133
P38871,482,501
P40498,1,168
P16140,487,517
Q04177,565,643
Q02354,216,241
P40055,1,39
P40055,475,496
P38882,340,375
Q06525,28,49
Q06525,144,198
Q06525,266,288
P21373,1,27
P21373,57,99
P21373,486,530
Q12063,1,48
P32610,211,256
Q12132,1,37
Q12132,91,149
Q12132,326,374
Q08179,417,455
Q08179,477,573
P33308,18,64
P54199,66,95
P54199,197,216
P54199,258,316
P35198,1,117
P33749,37,77
P33749,115,137
P33749,292,322
P33749,360,379
P33749,502,566
Q06106,121,143
Q06106,203,276
Q06106,297,336
Q06106,864,887
P32633,94,121
P15424,42,79
P15424,602,664
Q08471,1,60
Q08471,83,106
Q08471,217,286
Q08471,455,485
Q08471,586,629
Q04149,109,129
Q04149,527,632
P53204,1,34
P53204,62,102
P53204,206,208
P53204,244,247
P53204,294,295
P23287,413,447
P14747,21,48
P14747,470,497
P14747,501,523
P21957,25,51
P21957,109,138
P21957,139,160
P21957,170,201
P21957,305,327
P21957,378,404
P54784,218,343
P08018,1,43
P08018,61,120
P08018,181,313
P19541,52,106
P19541,158,218
P21651,1,22
P21651,241,314
P32841,255,278
P32841,307,380
P21538,1,80
P21538,114,161
P21538,180,243
P21538,294,313
P21538,346,365
P21538,572,667
Q12188,278,297
Q12188,431,467
Q12188,540,560
P01119,177,303
P38086,189,217
Q08273,1,31
P07271,142,178
P07271,782,859
P11938,29,128
P11938,221,268
P11938,308,339
P11938,567,613
P11938,630,695
P04650,1,22
P03872,1,57
P03872,58,296
P03872,228,296
P03872,276,296
Q06407,143,228
Q06407,358,433
Q06407,449,608
Q06407,664,709
Q06407,723,780
Q04225,1,67
Q04225,181,206
Q12481,33,151
P39938,1,20
P39938,88,119
Q04693,788,811
Q04693,893,912
P39940,99,122
P39940,139,240
P39940,257,298
P38129,1,57
P38129,82,134
P38129,371,421
Q05021,1,65
Q05021,325,453
Q05021,489,579
Q03750,361,382
Q03750,459,510
Q05027,1,29
Q06836,17,39
Q06836,113,158
Q06836,311,405
Q06836,954,1022
Q06836,1178,1198
P36421,348,394
P04801,1,41
Q07395,1,32
P25623,252,298
P25623,310,574
P47083,90,297
P47083,564,593
Q05812,33,171
Q05812,236,261
Q05812,300,335
Q05812,363,403
Q05812,421,454
Q05812,495,514
Q05812,561,728
Q02892,594,647
Q08920,118,122
Q08920,129,133
Q08920,139,140
Q08920,168,208
P40048,247,307
P40048,467,487
P40048,672,713
P40454,328,393
P29539,1,71
P29539,126,149
P29539,1314,1372
P29539,1441,1476
P29539,1606,1678
P29539,1789,1811
P29539,1829,1854
P54780,165,185
P0CX83,58,85
P0CX83,164,189
Q03782,1,35
Q03782,300,371
P38890,450,492
Q08581,1,52
Q08581,99,153
Q08581,274,298
Q08581,699,720
P53955,577,605
P10870,30,67
P10870,642,671
P10870,686,725
P10870,739,772
P10870,791,812
P10870,857,884
P32600,1,62
P32600,2103,2109
P32600,2276,2284
P32600,2296,2321
P18480,50,119
P18480,270,299
P18480,664,698
P18480,847,905
P39929,193,240
Q12232,44,108
P53251,1,27
P54867,115,201
P54867,236,256
P54867,318,378
P46954,722,741
Q06177,63,86
Q07824,1,57
P53283,1,40
P53283,99,144
Q06451,1,76
Q06451,105,152
Q12256,1,81
Q12256,387,408
Q12256,587,631
P36029,576,618
P27654,122,186
P38426,112,133
P38426,155,203
P38426,223,250
P38426,287,778
Q12199,36,55
P10863,110,213
P10863,114,143
P10863,144,203
P40552,128,242
Q12218,137,268
Q12218,205,299
Q03868,207,270
Q03868,1154,1192
Q06134,428,452
Q06160,313,340
Q06160,356,418
P32611,337,393
Q04712,37,76
Q04712,89,124
P04449,66,155
P05747,1,37
P05737,1,26
P40018,108,196
P17558,295,318
P13856,177,272
Q08932,1,38
Q08932,164,216
Q08932,350,381
Q05942,1,91
P40161,2,67
P40161,68,301
P40161,305,455
P38850,572,659
P38850,722,753
Q03940,1,20
P53236,558,586
P53236,598,635
P53236,657,701
P53236,871,908
Q06488,151,268
Q06488,601,624
Q06488,831,865
P38781,121,157
P38781,241,273
Q02206,1,35
Q02206,536,555
Q07979,336,378
P25632,142,183
P25632,273,309
P32832,1,97
P32832,248,435
P43609,1,44
P43609,510,544
Q03124,1,23
Q05900,49,71
Q05900,137,177
Q05900,205,231
Q08963,167,189
P38120,259,278
P53330,95,157
Q05543,249,409
Q01163,21,40
P53064,1,107
P53064,119,217
P40063,28,105
P32607,1,24
P32607,52,82
P32607,147,177
P38165,75,130
P38165,243,274
P38165,374,395
Q12100,1,20
Q12100,29,130
Q12100,153,186
Q12100,210,237
Q12100,252,271
P40496,233,264
Q12234,1,75
P53305,84,110
Q04947,219,295
Q12443,1,25
Q12443,214,313
Q12443,339,393
P39678,104,223
P39678,280,329
Q08972,1,49
Q08972,103,125
Q08972,1137,1166
Q08972,1177,1196
P19657,1,103
P21242,247,288
P24384,254,281
P24384,421,442
P49960,1,29
P39955,112,144
P39955,195,219
P39955,302,398
P39955,413,438
P39955,456,561
P40479,1,43
P25365,458,477
P25365,482,520
P25365,551,625
P25365,824,863
P40505,151,240
P40505,268,299
P40075,135,219
P32564,114,135
P40482,24,50
P40482,231,256
P52870,1,36
P42948,1,61
P42948,125,157
P33328,1,28
P53135,429,450
P53135,621,668
P34252,284,345
P34252,391,453
P18888,278,299
P32828,1,23
P32828,63,90
P32828,201,335
P40072,1,117
P40072,136,159
P46950,35,86
P46950,526,547
P38128,97,142
Q12369,846,901
Q12369,917,946
P20134,1,52
P20134,129,181
P20134,203,247
P20134,547,619
P20134,657,766
P42900,43,72
P32432,156,178
P32432,230,458
P32432,305,324
P32432,332,357
P32432,399,420
P32432,498,517
P32432,535,573
Q00416,1,24
Q00416,1032,1061
Q00416,1491,1511
Q00416,1894,1993
Q00416,2032,2231
P40210,1,84
P40210,419,489
Q02825,1,32
Q02825,374,413
P49334,27,49
P52286,38,79
P52286,135,194
P39000,101,122
P39000,144,164
P45819,1,87
P32558,448,496
P32558,768,796
P32558,956,1035
P50875,1,33
P50875,223,273
P50875,422,446
P50875,519,604
Q03012,235,255
P35210,315,346
P35210,376,417
P35210,457,476
P38789,1,22
P38789,275,324
P38789,374,453
P08459,441,474
P38637,33,76
P32343,499,579
Q12038,16,45
Q12038,953,984
P47002,1,113
P47002,128,158
P47002,459,699
P54000,1,31
P54000,117,292
P02406,1,39
Q12213,1,21
P51862,74,94
P51862,109,175
P51862,202,291
P51862,303,362
P51862,383,409
P51862,531,571
P51862,626,645
P53313,500,529
P53313,545,631
P53313,697,767
P29478,25,71
P32349,381,401
P32349,422,448
P32349,581,602
Q02805,675,726
Q02805,763,837
P46669,179,202
P46669,288,326
P25443,1,34
P38814,1,158
P38814,206,248
P48415,1,112
P48415,201,381
P48415,436,555
P48415,594,616
P48415,643,708
P48415,1656,1731
P48415,1751,1804
P48415,1917,1936
P48415,1976,2031
P48415,2054,2195
P25357,1,219
P25357,264,331
P25357,569,605
P25357,732,796
P25357,1172,1194
P32897,1,25
P53266,292,311
Q04658,348,369
P53148,1,38
P53148,93,172
P53148,235,282
P53148,324,343
P53148,397,427
Q12118,219,249
Q12118,325,346
P38956,1,24
P38956,28,51
P38956,76,165
Q04007,369,414
Q04007,446,521
Q04007,550,579
Q04007,773,815
P53628,1,56
P53628,196,260
P22082,57,176
P22082,193,212
P22082,305,426
P22082,1338,1531
P32383,546,571
P21825,251,274
P22470,1,36
P22470,176,231
P22470,318,348
P22470,360,453
P22470,471,502
P22470,514,554
P22470,569,610
Q12749,26,64
Q12749,530,695
P53127,40,62
Q02260,118,146
P40485,33,147
P40485,157,176
P40485,626,669
Q3E784,1,34
Q12034,1,143
Q12034,157,198
P40548,39,64
Q03280,1941,2023
Q03280,2038,2083
Q03280,2416,2443
Q05024,83,118
Q05024,200,226
P18410,1,40
Q02521,112,143
P10080,1,30
P10080,131,151
P10080,151,171
P10080,275,294
Q96VH5,1,26
Q06169,429,523
P42934,1,31
P38768,195,222
P19735,1,65
P32606,219,240
Q12192,83,155
Q12192,192,230
P38232,1,21
Q08237,1,34
P38222,399,432
Q04279,30,185
Q04279,206,318
Q04279,363,607
Q04279,619,760
Q04279,812,960
P14906,461,503
P14906,615,663
P33332,1,74
P33332,252,300
P33332,429,467
Q03707,68,292
Q03707,307,364
P36094,160,184
P36094,310,363
P50104,164,214
P50104,862,888
P40014,76,101
P25344,151,250
D6VTK4,379,406
P38163,932,958
Q03770,21,41
P39685,1,175
P39685,1,48
P39685,196,1337
P39685,390,1276
P40508,205,320
P01120,178,322
P43565,334,358
P43565,530,563
P43565,583,694
P43565,970,1032
P43565,1378,1403
P43565,1448,1507
P43565,1519,1572
P38741,1,90
P38741,276,337
P38741,524,609
P48743,48,92
P48743,111,156
P48743,181,222
P48743,377,461
P39743,382,407
P11745,353,378
Q05022,1,45
Q05022,64,101
Q05022,166,196
Q05022,1344,1403
Q05022,1417,1444
P38961,1,96
P45978,89,128
P45978,144,239
P45978,275,349
P17065,451,508
P17065,538,759
Q06677,1,100
Q06677,1,95
Q06677,238,302
Q06677,302,323
Q06677,303,362
Q06677,339,359
Q06677,511,556
P09547,1,323
P09547,1,112
P09547,213,250
P09547,262,321
P09547,355,384
P09547,581,617
P36150,278,303
P13188,185,216
Q04411,1,70
P29029,329,358
P29029,461,484
P29029,481,562
P32797,265,336
P38859,1,29
P38859,77,119
P38859,140,160
P38859,239,270
P38859,283,330
P38859,450,900
P38859,901,1522
P09032,298,337
P09032,535,578
Q99382,144,181
Q08421,1,45
P32480,398,473
P47171,301,371
P47171,1597,1630
P38199,1,34
P38199,344,381
Q03937,67,124
Q05580,1,55
Q05580,343,367
Q05580,550,631
P25364,33,80
P25364,224,246
P25364,401,448
P25364,536,564
Q99332,31,55
Q99332,83,108
Q99332,323,369
Q99332,399,419
Q08732,1,32
Q08732,45,162
Q08732,493,578
Q08732,614,682
P15108,219,257
P15108,221,259
P15108,675,705
P12683,567,591
P12683,720,726
P12683,877,879
P12683,1019,1020
P38878,258,278
P38801,157,184
Q3E827,1,73
Q3E772,1,92
Q12230,1,32
Q12230,282,341
Q02796,1,240
Q04087,112,183
Q04087,208,230
P53281,118,213
P43603,219,403
P25369,160,184
P25369,296,354
P42951,73,93
P42951,167,173
P42951,318,356
P42951,384,392
P42951,411,431
P53145,1,26
P53145,607,640
P36013,33,68
P53885,159,180
P53885,217,366
P10962,194,306
P10962,213,229
P10962,251,264
Q12176,1,51
Q12176,70,200
Q12176,709,729
Q12176,863,882
Q12176,891,1001
P38112,73,99
P38112,114,144
P53048,15,40
P53048,587,616
P29311,236,267
Q06631,27,148
P47136,1,38
P47136,57,76
P47136,272,316
P47136,444,479
P47136,529,591
P47136,648,673
P47136,768,879
P40450,661,684
P40450,764,785
P40450,817,839
P40450,1285,1309
P33314,1027,1104
P36106,23,65
P36106,142,231
Q04930,1,42
Q04930,62,110
Q04930,151,170
Q04930,341,361
P53622,842,862
Q12091,18,37
P38124,30,94
P48813,1,24
P48813,87,117
P06774,1,64
P06774,23,180
P06774,78,129
P06774,220,265
P47017,1,22
P40070,93,187
P32875,51,75
P53905,1,23
P38156,1,48
P38156,595,614
P38174,1,53
P25491,1,172
P25491,135,137
P25491,215,216
P25491,247,249
P25491,382,409
Q03687,379,405
Q04052,154,177
Q04052,791,810
Q04052,830,857
Q04347,241,497
Q04924,435,457
P53686,317,357
P32481,1,83
P32481,107,114
P32481,135,139
P32481,193,196
P32481,249,252
P32481,284,286
P40886,1,38
P30605,13,42
Q03361,37,67
Q03361,112,155
Q03361,226,254
Q03361,330,353
Q03361,490,513
Q03361,661,728
Q03361,750,876
P32333,169,228
P32333,1802,1822
Q06324,300,439
Q06324,419,491
P50108,77,97
P36044,1041,1178
P36044,1042,1174
Q06164,159,178
Q06164,1201,1454
P53163,101,120
P38257,201,240
P38257,598,691
P35724,1,49
P35724,96,153
P35724,167,186
P35724,199,256
P35724,559,662
P35724,746,769
P36062,1,71
P36062,135,170
P36062,258,294
P50944,1,33
P50944,99,121
P50944,200,233
P40501,355,374
P38770,66,135
P38770,167,192
P38770,444,471
P21192,77,97
P21192,286,323
P21192,699,770
P50082,1,26
P50082,94,125
P50080,1,38
P43553,1,81
P43553,318,337
P43553,365,396
P0CD91,1,34
P0CD91,286,305
P43549,1,68
P43549,175,262
P43549,621,646
P36076,1,72
P36076,100,120
P36076,140,171
P36076,209,244
P36076,507,571
P47158,414,433
P32465,1,51
P54854,1,32
P54854,533,555
P32581,1,24
P32645,1,26
P43638,21,77
P43638,90,144
P43638,156,186
P43638,191,210
P43638,244,270
P43638,296,382
P43638,395,428
P43638,515,548
P43638,605,630
P43638,1148,1169
P43638,1203,1223
P43638,1227,1258
P43638,1313,1372
Q08979,1,50
Q08979,369,392
Q08979,406,440
Q08979,511,572
P27466,1,25
P27466,312,323
P27466,349,380
P27466,415,446
P53379,530,578
P38873,1084,1114
P41832,1,152
P41832,230,258
P41832,263,282
P41832,287,306
P41832,312,337
P41832,990,1014
P41832,1040,1094
P41832,1149,1330
P41832,1768,1797
P41832,1809,1844
P41832,1872,1899
P32798,207,231
P32798,388,408
Q12692,1,31
Q12692,98,108
P32806,116,136
P02294,1,37
Q12361,468,568
Q12361,783,805
P34244,1,43
P34244,55,83
P34244,467,502
P34244,599,651
P34244,741,783
P34244,856,898
P34244,1005,1030
P34244,1150,1170
P34244,1220,1243
P34244,1259,1291
Q04005,114,178
P53150,365,421
P38922,1,141
P15992,192,214
P47046,271,290
P47046,698,728
P47046,751,783
P40358,511,536
P40358,595,631
P40484,29,55
P36146,469,489
P40026,1,69
Q08001,340,362
Q06218,339,377
Q06218,558,594
P40087,328,388
P39112,28,54
Q05775,1,71
Q05775,219,265
P32784,613,667
P32784,684,705
P32784,729,759
Q08193,383,462
Q07825,1,33
P53739,1,124
P53739,129,148
P53739,163,243
P53739,334,480
P53739,874,893
Q02948,93,149
Q02948,218,238
Q02948,320,539
Q02948,515,540
P35203,206,251
P24869,59,107
P24869,164,184
P20438,230,252
P20438,383,414
Q06053,1,31
Q06053,59,92
Q06053,227,264
P25653,129,165
P25653,196,243
P25653,266,312
P25653,846,876
P25653,1231,1259
P28003,35,55
P28003,189,211
P28003,249,271
P31381,1,63
P40209,274,297
P40209,345,383
P40209,412,461
Q04322,1,132
Q04322,144,164
Q04322,179,210
P38970,1,167
P38970,214,260
P38970,319,347
P38970,401,429
P38970,457,500
P47122,317,356
P53973,1,36
P53973,67,396
P32479,1,389
P32479,304,840
P32479,392,840
P32479,436,466
P32479,582,602
P48353,84,107
P48353,173,192
P53688,1,27
P38287,331,351
P53246,19,45
Q03655,461,498
O13329,1,44
O13329,466,566
P39717,624,649
Q07653,1,455
Q07653,469,894
Q07653,908,1046
Q08218,322,356
P31539,7,76
P31539,88,150
P31539,167,411
P31539,541,731
P31539,883,908
P31539,905,908
P50079,416,435
P53897,1,31
P53897,125,168
P32466,1,30
Q06505,1,132
Q06505,318,346
Q12271,926,1107
P12754,1,108
P12754,566,600
P34216,389,535
P34216,898,919
P34216,933,1202
P34216,1214,1285
P34216,1217,1381
P34216,1298,1322
P16521,974,1044
P38140,1,31
P38140,174,198
Q12468,319,343
Q12468,375,399
P53550,302,341
P53550,417,465
P53550,501,520
P53550,528,692
P53550,831,867
P39719,681,783
P36162,81,133
P18899,1,430
P18899,74,414
P46949,1,535
P46949,626,687
P54862,1,45
P38803,1,32
P32344,82,111
P38719,404,431
P38249,503,545
P38249,839,964
P38767,1,67
P38767,117,138
P21268,1,31
P48236,413,432
Q01766,115,153
Q03532,1,37
Q03281,46,188
Q03281,267,289
Q99383,1,154
Q99383,316,354
Q99383,415,534
P53687,1,21
P53687,365,393
P53687,411,447
P14164,84,132
P14164,146,227
P14164,251,308
P14164,439,463
P14164,475,539
P14164,590,643
P14164,624,628
P14164,639,662
P14164,687,731
P25628,41,81
P47818,19,86
Q00776,240,262
P46682,708,739
P46682,763,809
Q08951,720,868
Q08951,897,932
Q06596,1,29
Q06596,22,45
Q06596,44,72
P38929,1,24
Q12140,168,259
Q12140,286,328
P40006,203,225
P53158,1,65
P33311,73,95
P33311,706,773
Q12124,105,178
Q12124,284,399
P53094,639,720
P53094,772,796
P53094,810,986
P53094,1134,1169
P53094,1189,1214
P53094,1263,1283
P53094,1308,1341
P25336,21,82
P25336,102,127
P25336,126,256
P0CX81,37,61
P25293,1,47
P25293,143,362
P25293,364,417
Q12515,134,156
Q12515,217,295
Q02770,251,280
Q08967,649,674
Q08967,689,731
P13483,1,127
P13483,8,30
P13483,219,248
P38911,54,127
P38911,160,302
Q05040,61,80
Q05040,150,171
Q12035,76,111
Q12035,193,217
P36170,303,572
P36170,384,608
P36170,798,837
P36170,856,920
P36170,1070,1107
P08539,43,56
P08539,127,235
P08539,162,199
P08539,292,300
P08539,315,324
P08539,384,391
P08539,442,447
P32642,116,143
P32642,225,226
P29295,394,494
Q03973,179,246
Q03694,1,75
Q03694,273,309
Q12321,361,425
P36003,1,43
P36003,81,118
P36003,374,394
P36003,670,741
P36003,767,813
P40096,1,43
P32458,29,36
P32458,89,92
P32458,171,174
P32458,307,360
P47113,154,173
Q08492,1,106
Q08492,182,214
Q08226,695,719
P40566,588,629
Q04660,1,108
Q04660,265,383
Q04660,383,419
P53551,1,44
P53551,101,171
Q08907,84,104
Q08907,133,175
P53917,104,160
P26793,1,105
P26793,120,251
P26793,339,347
P26793,358,382
Q12344,1,324
P02309,1,20
P33417,1,134
P33417,174,212
P33417,259,291
P33417,327,364
P33417,543,597
P01094,1,32
P01094,1,21
P01094,33,68
P38250,617,638
P38250,665,718
P38250,759,784
P38250,846,946
P48362,357,394
Q01448,1,164
Q01448,295,437
P38695,1,43
P38695,49,68
P39935,1,77
P39935,115,389
P39935,188,299
P39935,481,575
P39935,870,952
P19158,392,554
P19158,867,898
P19158,912,935
P19158,952,980
P36004,1,81
P36004,93,188
P36004,329,355
P47135,31,51
P47135,75,131
P47135,482,534
P47135,568,591
P47135,911,981
P20676,1,39
P20676,143,183
P20676,224,260
P20676,403,518
P20676,548,743
P20676,940,979
P20676,1025,1054
P20676,1040,1076
Q02199,28,104
Q02199,211,242
P10823,1,91
P10823,125,138
P10823,268,276
P10823,292,301
P10823,361,368
P10823,418,423
P02293,1,38
Q06629,185,211
P38753,144,166
P38753,187,212
P38753,389,452
Q04429,1,25
Q04429,46,69
Q04429,156,178
Q04429,369,405
Q12398,365,434
P39924,530,551
P39520,1,251
P39520,283,302
P39520,457,493
P39520,507,622
P39520,676,700
P39520,747,774
Q02821,1,77
Q02821,209,335
Q02821,419,505
P32361,617,658
Q12072,1,21
Q12072,614,646
Q12072,679,704
Q12072,762,812
P48234,523,707
P43124,1,45
P43124,166,195
P32336,1,31
P32336,216,352
P38738,135,159
P38738,250,271
P38738,524,544
P38881,73,125
P38881,139,195
P38881,211,275
P38881,233,321
P38881,299,321
P38700,150,196
P38065,713,737
P40456,1,62
P40456,77,119
P19097,96,120
P19097,675,874
P19097,1149,1363
P19097,1772,1774
P19097,1817,1833
P19097,1841,1844
P19097,1871,1873
Q01159,415,459
P47018,1,153
P47018,321,341
P47018,416,448
P21339,1,59
P21339,483,520
P21339,577,620
P21339,736,799
P21339,814,871
P52918,1200,1224
P48564,29,61
P53742,1,20
P38798,819,951
P38724,1,42
Q07660,1,21
Q07660,426,449
P43497,41,60
Q12186,83,110
Q12186,329,476
Q3E846,1,22
P33313,1,37
P53301,329,368
P53301,381,478
Q06440,408,609
P43639,1,22
P43639,78,111
Q12246,95,162
Q12246,291,294
P23493,1,20
P23493,94,156
P23493,198,224
P23493,258,325
Q03829,1,48
P35728,355,400
Q02455,1641,1690
Q02455,1716,1875
Q01389,1,70
Q01389,99,126
Q01389,217,359
Q01389,373,427
Q01389,644,671
Q01389,752,877
Q01389,895,939
Q01389,960,1021
Q01389,1053,1116
P48524,1,65
P48524,82,124
P48524,145,196
P48524,857,878
P38042,218,333
P38042,350,392
Q08650,1,30
P04819,47,79
P04819,97,127
P04819,309,318
P04819,493,495
P07834,39,80
P06182,1,72
Q12453,660,692
Q12453,714,761
P53197,1,56
P48237,80,117
Q12289,1,29
Q3E705,194,233
P34756,1,30
P34756,2,676
P34756,76,144
P34756,302,337
P34756,472,500
P34756,514,534
P34756,556,697
P34756,727,766
P34756,766,1039
P34756,1181,1500
P34756,1506,1627
P34756,1766,1804
P34756,1891,1972
Q12518,142,195
Q12518,292,350
Q12518,384,405
Q12518,418,454
Q12518,447,454
Q03769,213,264
Q03769,276,400
P40020,49,85
P40020,135,172
P40020,241,293
P40020,419,446
P40020,466,551
P40020,628,700
P40020,712,742
P40020,826,845
P40020,852,876
P51601,18,55
Q06704,16,41
Q06704,271,314
Q06704,814,850
P38991,1,52
P36115,38,135
P36115,152,260
P36115,277,304
P36115,323,445
Q04213,42,84
Q04213,181,296
Q04213,454,475
P38954,331,404
Q04377,145,180
Q12446,145,545
Q12446,563,606
P43583,1,65
P43583,1648,1732
P33306,1,91
P33306,233,271
P33306,315,355
P33306,466,504
P33306,698,722
Q12348,1,63
P22035,237,320
P22035,348,379
P22035,535,713
P22035,782,811
P40442,98,276
P28319,131,196
P14922,1,37
P14922,412,489
P14922,467,682
P14922,631,666
P14922,699,723
P14922,759,966
P39101,119,161
P17555,1,168
P17555,43,72
P17555,255,304
P17555,326,371
P17555,354,361
P17555,370,526
P13365,454,498
P13365,546,580
Q00684,384,551
P32562,41,63
Q12382,1,33
P53388,1,77
P08004,1,22
P08004,282,305
Q08054,35,78
Q08054,272,291
Q08054,298,341
P22023,1334,1365
P43586,1,56
P43586,155,204
Q12041,70,96
P40078,1,43
P40078,61,87
P40078,85,98
P32639,36,56
P32639,396,419
P43132,271,290
P43132,398,420
P31384,1,32
P31384,46,66
P31384,81,107
P31384,197,223
P31384,254,281
P26309,38,59
P26309,579,610
Q12114,280,671
P40094,470,489
Q02554,1,22
Q02554,374,436
Q05050,1,53
Q05050,120,174
Q05050,717,843
P36053,80,145
P42835,388,410
P42835,457,962
Q08119,598,674
Q08119,694,714
P40546,22,120
P40546,323,346
P15646,1,83
P15646,8,83
P15646,22,42
P15646,58,75
P15646,179,180
P15646,198,199
P15646,223,224
P15646,243,246
P15646,281,313
P28007,1,31
P28007,4,21
P28007,124,205
P28007,147,205
P39936,1,84
P39936,128,205
P39936,201,315
P39936,240,351
P39936,457,535
P39936,833,914
Q04934,1,20
Q04934,316,340
Q04934,353,453
Q03162,563,620
P39002,1,25
Q04472,38,72
P08465,248,281
P39014,1,299
P39014,1,84
P39014,180,277
P39014,180,225
P39014,277,640
P39014,481,516
P36084,36,169
P40050,1,24
Q00873,1,64
P38823,1,30
Q03018,1016,1037
P42950,325,352
P43572,1,56
P43572,422,483
P43572,776,832
P45976,1,82
P45976,272,327
P41813,498,528
P41813,611,663
P41813,698,731
P41813,750,846
P18494,1,45
P18494,187,208
P18494,224,262
P18494,355,398
P18494,449,516
P18494,593,673
P18494,696,717
P53258,878,950
P38144,144,177
P38144,683,705
P38144,1073,1129
Q06214,404,472
P53863,269,293
P53863,441,546
P46997,215,313
P40206,185,208
P23291,39,61
P23291,366,428
P23291,474,527
P23292,1,67
P23292,373,425
P23292,443,546
P39962,352,414
P39962,427,474
Q12753,104,128
Q12753,209,240
Q12753,332,388
Q12753,479,514
Q12753,566,588
Q12753,650,677
Q07622,141,230
P53109,480,509
P40467,104,125
P40467,190,225
P40467,733,764
P40467,800,900
Q06680,500,536
Q06680,909,934
Q06680,959,995
Q06680,1012,1035
P38428,35,61
Q04201,27,74
P53755,1,42
P07143,131,168
Q06338,12,44
Q07533,97,209
Q07533,300,325
Q07533,815,835
Q04749,259,302
Q04749,350,392
P40013,126,173
P40013,292,312
P17106,1,165
P17106,196,233
P17106,327,351
O13547,91,203
P39013,96,105
P39013,226,265
P39013,276,334
P22146,119,127
P22146,474,526
Q08232,269,322
P39985,706,748
P39985,778,805
P40059,1,78
P40059,226,250
P40059,293,332
P40059,406,436
P40059,483,659
P40036,1,54
P40036,118,143
P40036,191,212
P40036,293,346
P32801,27,47
P32801,520,547
P32801,562,587
Q03002,341,398
Q03002,480,554
Q03002,673,733
Q03002,754,782
P23900,1,99
P23900,123,147
P23900,167,215
P23900,591,615
P23900,635,669
P22943,1,82
P31373,37,57
P53045,287,309
P08678,1,104
P08678,119,160
P08678,200,223
P08678,247,378
P08678,405,429
P08678,447,523
P08678,559,601
P41817,75,123
Q12046,313,339
P38333,1,21
P38333,33,55
P38333,67,123
P38333,171,200
P53938,233,305
P47178,122,168
Q06344,78,147
Q06344,192,229
Q06344,412,541
Q06344,582,628
P22696,30,53
P53743,1,91
P53743,261,316
P38748,372,410
P38748,552,585
P25621,468,512
P53741,157,410
P53741,485,515
Q12743,276,341
P04821,1,53
P04821,121,243
P04821,359,424
P04821,553,574
P04821,1249,1287
P04821,1570,1589
P14724,40,87
P14724,99,124
P25694,1,21
P25694,720,746
P25694,792,835
Q05902,73,92
Q05902,540,541
Q05902,562,563
Q99252,177,256
Q99252,345,367
Q03214,285,312
Q06200,351,411
Q06200,427,448
P14180,1,71
P14180,119,174
P14180,215,234
Q06551,1,21
P47160,162,182
P47160,199,322
P47160,338,408
Q03254,50,73
Q03254,642,732
Q12191,1,181
P46672,22,46
P46672,52,61
P46672,91,121
P46672,133,206
P38856,555,637
P38856,587,637
P40340,1,39
P40340,54,243
P40340,302,330
P40340,375,396
P40340,450,578
P40340,1233,1274
P40340,1291,1316
Q04489,503,525
Q12674,36,74
Q12674,1554,1576
P32660,1,94
P27697,41,69
Q12168,1,71
P38261,1,69
P38261,101,136
P38261,467,498
P53769,1,67
Q04433,20,274
Q04433,79,100
Q04433,145,172
Q04433,214,234
Q04433,289,359
Q04433,298,471
P31380,1,70
P31380,76,111
P31380,114,141
P31380,242,273
P31380,327,350
P31380,400,533
P42944,17,43
P42944,212,260
P42944,379,400
P42944,467,490
P27472,686,705
Q04410,66,292
Q04410,312,372
P14064,1,327
P14064,1,127
P14064,124,300
P14064,359,476
P14064,393,422
P41546,1,39
P41546,41,61
P41546,67,74
P41546,115,152
P38523,46,66
P13185,1,113
P13185,549,621
P13185,652,672
P13185,694,714
P13185,762,797
P13185,823,843
P13185,958,1016
P36224,33,53
P13186,1,83
P13186,572,592
P13186,629,687
P13186,730,749
P13186,860,882
P13186,1001,1061
P22209,1,22
Q01919,331,397
Q01919,438,487
Q01919,629,661
Q01919,678,754
P25341,1,20
P25341,99,128
P25341,230,257
P28742,1,34
P28742,1007,1111
P28743,1,139
P28743,413,445
P53086,720,805
P32350,1,33
P32350,270,290
P43618,1,22
P43618,65,79
P43618,103,132
P43618,193,255
P40955,1,25
P40955,734,746
P53746,606,643
Q12333,519,543
Q12209,490,516
P38196,1,37
P32805,191,243
P38297,1,27
P38297,91,190
P38297,413,447
P38297,484,547
P38297,630,843
P38297,769,831
P25659,179,250
P40568,1,22
P40568,35,64
P40568,185,205
P40568,227,246
P40568,412,437
P40553,20,59
P32497,1,110
P33750,440,489
P21657,1,44
P21657,64,95
P21657,118,140
P21657,807,970
P21705,87,149
P27614,44,65
P12962,52,108
P53959,14,38
P53861,1,143
P53861,225,248
P53861,260,279
P53861,291,379
Q06001,1,45
Q06001,101,129
Q06001,405,443
Q12247,76,151
P40569,29,48
Q03835,113,150
P23337,687,708
P61830,1,43
Q07845,1,42
P36148,682,743
Q08969,1,168
P49573,9,65
P49573,71,117
P49573,318,406
P37267,73,94
P39113,20,40
P39113,936,1024
P39113,1137,1162
P39113,1200,1236
P39113,1324,1433
Q06409,1908,1932
P36130,1,274
P36130,74,126
P36130,243,262
Q12150,813,834
Q12150,1175,1196
P53333,505,577
P47976,284,306
P25340,1,20
P53235,485,593
Q05785,140,208
Q05785,323,351
Q05785,356,375
Q05785,471,613
Q08906,73,98
Q12127,79,104
Q02799,1,25
P17260,72,141
P17260,94,114
P17260,146,198
Q12502,1,25
Q12502,352,374
Q12502,388,436
Q12502,568,590
Q12502,607,644
Q12343,205,284
P54785,1,69
P54785,98,295
P54785,101,162
P54785,214,267
P54785,421,458
P53159,216,235
Q03825,1,23
Q03825,191,220
Q03825,268,299
Q03825,322,355
Q03825,428,454
Q03825,587,681
P32567,19,104
P32567,104,183
P32567,300,341
P32567,648,732
P32567,757,780
P32567,807,862
Q99271,489,701
Q99271,726,760
Q99271,812,985
Q99207,1,44
Q99207,63,95
Q99207,134,155
Q99207,276,308
Q99207,338,358
Q99207,788,810
P40010,1,53
P06102,252,284
P06102,296,391
P06102,410,471
P06102,513,532
P06102,537,583
P07272,1,27
P07272,883,904
P33333,278,303
P23595,1,66
Q08412,1,102
Q08412,142,411
P24870,1,29
P24870,89,126
P30624,1,21
P43560,1,52
P43560,65,151
P43560,336,380
Q06436,1,84
Q06436,124,145
Q06436,609,670
P39016,85,108
P39016,620,658
P38335,1,26
P38335,211,287
P38335,325,437
P38335,465,511
P54964,240,269
P37304,426,488
P37304,513,558
P37304,648,699
P37304,727,757
P37304,796,830
P53617,225,282
P53617,468,575
P19262,144,237
P19262,185,209
P38824,1,86
P53125,130,153
P53125,275,374
P53125,482,508
P53125,627,655
P53125,803,825
P34167,56,98
P34167,185,406
P34167,190,350
Q08970,73,114
Q08970,453,484
P47069,1,23
P47069,82,111
P47069,171,682
P47069,431,650
P47069,641,682
P38351,358,445
P38361,301,332
P53830,135,154
P53830,265,285
P46946,21,172
P46946,265,290
Q04935,1,27
Q04935,165,205
P43613,259,287
Q03661,36,76
Q03661,156,499
Q03661,550,584
Q03661,589,608
Q03661,770,819
Q03661,863,964
Q03661,1082,1115
Q03661,1197,1216
Q03661,1261,1315
Q03661,1334,1482
Q03661,1503,1658
P38894,197,240
P38894,278,637
P38894,322,349
P38894,366,394
P38894,456,484
P38894,546,574
P38894,667,706
P38894,702,781
P38894,775,948
P38894,948,980
P38894,1016,1038
Q06623,635,655
P41809,47,176
P41809,261,311
P41809,453,788
P41809,961,984
P41809,1067,1165
P41809,1534,1559
P17629,648,752
P09064,30,69
P40260,455,492
Q03667,1,50
Q03667,78,110
P53927,1,82
P53252,1,31
P53252,273,339
P20052,254,293
P32351,1,74
P32351,91,132
Q06554,145,170
Q06554,810,850
Q06554,1297,1319
Q06554,1508,1534
Q99393,1,38
P13902,112,137
P43563,1,89
P50090,41,60
P50090,480,516
P06244,1,60
P36775,98,176
P36775,282,358
P36775,844,889
P19659,25,49
P19659,238,286
P19659,422,481
P19659,476,505
P19659,692,712
P19659,744,836
P19659,1026,1055
Q07418,1,68
Q07418,119,141
Q07418,321,342
P28004,1,22
P28004,353,379
P21672,608,611
P21672,793,843
P53131,1,74
Q07800,14,223
P43610,43,72
P43610,158,207
P27705,1,36
P27705,81,178
P27705,279,383
P27705,418,453
P27705,473,504
P47114,420,469
P32490,1,21
P32490,35,95
P32490,130,158
P34166,1,20
P25046,171,220
P53883,1,43
P53883,72,116
P53883,313,403
P38205,1,24
P38205,173,179
P38205,650,684
P47077,1,40
P47077,635,666
Q12514,212,330
Q04493,144,163
Q12236,210,255
Q12236,494,652
Q12236,805,833
Q12236,970,1017
Q03306,435,484
Q03306,675,850
Q12326,13,20
Q12326,26,27
Q12326,120,123
Q12326,147,148
Q12326,168,198
Q12326,236,237
Q12500,490,535
Q12500,550,572
Q12500,587,764
P38356,1,71
P41697,140,253
P41697,298,338
P13181,1,57
P40487,1,29
P48510,221,270
P25615,127,161
P25615,360,369
P38229,110,143
P38229,215,264
P38229,352,396
P53759,404,423
Q05787,805,824
Q04437,608,629
P38852,1,86
Q08601,1,70
Q08601,29,131
Q99257,408,439
P33441,258,392
P40578,91,114
P40578,344,376
P40578,437,462
P40578,658,687
P43564,1,151
P43564,163,190
P43564,230,267
P43564,385,448
P43564,942,968
P43564,1010,1073
P53129,64,85
P38920,1,335
P38920,422,480
P38920,501,756
P30283,36,70
P30283,104,126
P41811,806,889
P24814,1,72
P24814,1066,1090
P24814,1118,1151
P40956,148,194
P40956,233,266
Q07872,179,247
P40214,1,36
P40214,57,76
P40214,299,322
P43574,220,311
P43574,358,383
P40325,1,86
P27809,31,118
P27809,68,95
P27809,119,442
P42838,20,52
P38691,56,105
P38691,377,397
P38691,532,570
P38691,732,824
P38691,949,978
P35688,570,602
P34078,37,63
P34078,284,345
P34078,426,463
P47032,103,157
Q03375,1,67
Q03375,53,97
Q03375,110,135
Q12517,92,120
P35732,69,455
P35732,467,503
P35732,640,688
P39521,1,90
P39521,139,169
P39521,243,270
P39521,384,442
P39521,718,936
P20447,1,71
P32325,10,19
P32325,62,70
P32325,397,453
Q12403,129,149
P10961,1,31
P10961,62,92
P10961,150,170
P10961,260,280
P10961,277,309
P10961,350,403
P10961,447,493
P10961,542,626
P10961,657,765
P10961,778,799
P19807,1,25
P47185,1,32
P47185,533,555
P32488,50,75
P32488,267,322
P40559,872,902
P40559,927,946
P08638,1,28
P08638,673,709
P08638,734,756
P25586,279,316
P38800,51,80
P38800,115,134
P38800,139,164
P38800,190,302
P38800,356,397
P38800,425,447
P38800,489,531
P38800,665,722
P38800,930,963
P38800,1141,1172
P35192,128,198
P35192,216,242
P35192,264,337
Q04922,253,279
P25355,544,563
P89105,959,1077
P47050,1,50
P47050,755,775
Q05080,372,518
P43634,1,37
P43634,140,177
P32501,1,20
Q04067,137,186
P46984,1,63
P53631,1,22
P36118,1,30
P36118,113,137
Q02630,1,35
Q02630,49,91
Q02630,92,172
Q02630,110,166
Q02630,160,362
Q02630,265,341
Q02630,362,535
Q02630,371,606
Q02630,536,732
Q02630,678,736
Q02630,868,939
Q02630,967,1113
Q02630,969,1108
P29468,525,568
P29461,1,20
P29461,327,348
P29461,425,450
P42935,490,530
P28006,1,20
P28006,450,491
P28006,616,671
P25555,1,101
P25555,300,319
Q07532,77,111
Q07532,192,226
Q07532,300,321
P47035,160,260
P47035,345,1189
P38151,1,36
Q08952,18,48
Q08952,177,197
Q04370,1,24
P38848,40,70
Q04121,25,44
Q04121,553,578
P40065,53,83
P40065,257,276
P30665,1,149
P30665,154,173
Q06178,1,30
Q06178,48,123
Q06178,212,214
Q06178,250,253
Q06178,300,301
P11491,1,27
P40991,1,132
P40991,353,359
Q01560,1,119
Q01560,269,299
Q01560,343,414
Q12499,423,511
P25655,1323,1352
P38826,106,256
Q03370,11,73
Q03370,500,532
P39008,78,98
Q03880,82,122
P31374,20,115
P31374,592,612
P31374,627,660
P31374,948,972
P31374,1021,1066
P21304,41,134
P21304,530,576
P27476,1,172
P27476,244,264
P27476,336,414
P27476,353,384
P27476,366,384
P15380,19,77
P39952,366,386
P38855,179,201
P39684,37,81
P38244,528,610
P32901,1,66
P50896,33,57
P50896,118,147
P50896,202,233
P50896,290,324
P50896,337,369
P50896,384,405
P25042,100,121
P25042,242,273
P53753,66,88
P53753,365,393
Q04461,11,43
Q04461,66,97
Q04461,81,140
Q04461,190,214
Q04461,226,289
Q04461,296,385
Q04461,441,462
P41833,525,548
Q07821,54,89
P07250,127,135
P07250,284,317
P39943,33,52
P39943,229,268
P39943,345,375
P24583,64,88
P24583,306,331
P24583,546,620
P24583,649,669
P24583,782,816
Q12106,1,35
P48240,1,44
P47047,1,75
P47047,360,388
P32829,522,597
P32829,610,629
P32829,644,692
P40494,552,668
P40494,733,761
P40494,743,756
P05317,199,230
P05317,231,258
P05317,278,312
P05318,73,106
P05319,65,106
P10622,69,106
P02400,66,110
Q12495,116,212
Q12495,393,438
Q12495,483,520
Q12224,103,156
Q12224,173,192
Q12224,202,318
Q12224,330,424
Q12224,472,514
Q12224,532,631
P51402,37,57
P43602,518,566
P43602,636,658
P43602,693,733
P40535,1,62
P40535,123,144
P40535,169,195
P40535,381,423
P40535,427,447
P40535,453,467
P40535,552,587
P15891,144,541
P15891,200,575
P53629,174,194
P27351,625,700
P35201,47,275
P35201,335,374
Q99234,33,54
Q99234,485,506
Q99234,520,586
Q05031,399,418
P31385,1,26
P31385,49,171
O13297,30,169
P36009,1,29
P38132,812,845
P40473,1,56
P40473,234,256
P40473,291,351
P26570,1,309
P26570,321,357
P26570,672,692
Q12221,38,68
Q12221,93,112
Q12221,874,931
Q12221,997,1075
P32857,483,523
P0CX82,58,85
P0CX82,164,189
P20437,224,265
P53280,1,24
P32623,337,444
P53859,67,98
P38845,107,227
P38845,160,161
P38845,247,276
P38845,300,465
P07264,484,518
P25579,1,31
P25579,330,380
P25579,457,486
P53114,998,1070
P53083,338,375
P40364,230,252
P53725,22,47
P53725,95,186
Q02890,325,363
Q08278,34,55
Q03218,120,141
P48563,60,410
P48563,547,596
P48563,1501,1636
P32047,61,94
P32047,171,220
P32047,290,321
P32047,335,402
P38590,1,30
P38590,375,401
P38590,419,489
P0CX80,37,61
Q02629,1,104
Q02629,121,172
Q02629,190,394
Q02629,672,697
Q02629,745,794
Q02629,816,955
P14907,1,64
P14907,70,89
P14907,129,620
P14907,673,738
P14907,740,823
P32945,1,50
P32945,64,85
P32945,133,158
P32945,189,219
P53317,101,196
Q12460,439,504
P39720,1,56
P39720,133,163
P32499,1,33
P32499,35,50
P32499,52,92
P32499,136,278
P32499,315,604
Q06833,541,566
Q06833,578,600
Q06833,615,770
P48565,452,473
P48565,494,533
Q02969,1,65
P32074,630,656
P32354,309,335
P32354,435,512
P32354,451,473
P32354,453,553
P32354,548,571
P40356,147,227
P40356,288,327
P40356,346,370
P0CX87,1,25
Q02555,1,29
Q02555,168,189
Q02555,451,471
Q12338,45,69
P36521,226,249
Q12532,459,499
Q12532,708,824
Q12532,877,898
P36080,32,257
P36080,375,434
P36070,263,305
P38760,1,35
P32833,1,184
P32833,204,225
Q06810,1,28
Q06810,130,193
Q06810,266,345
Q06810,282,360
P39966,361,398
P39966,434,464
P34221,354,383
P34221,427,468
Q04119,384,403
P38193,201,220
P38193,242,348
P38193,364,418
P40164,1,23
P40164,441,463
P38325,1,23
Q99373,44,93
Q00453,178,211
P39551,235,262
P39551,297,298
P53549,1,51
P53188,1,26
P53188,81,120
P43621,190,440
P43621,236,287
Q06820,1,27
Q06820,378,401
Q06820,446,518
P36027,59,80
P36027,126,176
P36027,331,356
Q00246,14,45
Q00246,250,273
P36531,36,118
P36531,87,177
P36531,111,144
P20084,67,86
P32561,19,331
P32561,388,433
P0CX32,102,135
P36100,274,295
P36100,321,482
P36145,32,105
P41895,1,68
P41895,165,263
P41895,297,323
P41895,446,465
P41895,471,606
P41895,631,674
P41896,1,47
P41896,165,194
P41896,366,400
Q12136,1,23
Q12136,40,133
Q12136,331,411
Q12136,451,511
Q12136,548,578
Q12158,325,356
P53334,88,127
P19263,1,80
P19263,319,343
P32585,117,162
P05030,1,84
Q00402,1,36
Q00402,290,312
Q00402,593,1384
Q00402,2111,2133
Q00402,2444,2536
Q00402,2707,2748
P48837,1,261
P39705,44,80
P39705,242,267
P39705,305,329
P39705,347,493
Q12211,1,74
Q12211,495,544
Q08647,1,27
Q08647,87,110
P25502,1,25
P25502,104,163
P25502,183,207
P25502,805,825
P80667,1,76
Q12445,1,39
P53335,147,239
P39083,203,293
P39083,401,478
P39083,505,600
Q03465,338,432
P06367,117,137
Q12505,376,439
P53075,525,577
Q03656,13,146
Q03656,350,369
Q03656,459,491
P38200,1,29
P38200,67,88
P38200,116,146
P38200,215,263
P38200,284,338
Q06132,24,181
Q06132,248,326
P32566,343,505
P06700,1,67
P25554,75,102
P25554,163,165
P25554,207,210
P25554,229,232
P53165,98,225
P53165,287,353
P53165,469,532
P53165,572,636
P06701,218,304
P06701,319,388
Q04964,43,62
Q04195,1,21
Q04195,122,170
Q04195,443,584
Q04195,596,616
Q04195,672,733
Q04195,794,904
Q04195,877,904
Q12216,507,533
P11978,1,98
P11978,252,277
P11978,356,466
P11978,498,544
P11978,677,726
P11978,752,787
P11978,913,970
P38634,1,89
P47166,1,52
P40472,111,214
P32909,346,510
P32909,523,548
P32909,567,592
P40561,1,27
P40561,178,250
P32790,128,248
P32790,415,497
P32790,558,592
P32790,610,649
P32790,726,791
P32790,813,853
P32790,868,1205
P33338,280,324
Q08490,1,20
Q08490,133,235
Q08490,291,337
Q08490,411,550
P38262,104,140
P36169,70,114
P36169,278,304
Q06315,1,36
Q06315,483,504
Q06315,623,658
Q06315,813,960
Q06315,1007,1026
P25294,300,325
P32900,30,68
P32900,239,327
P32900,647,671
P32900,707,734
P36024,1,63
P36024,97,165
P36024,490,562
P22579,1,128
P22579,149,216
P22579,308,363
P22579,475,511
P22579,524,556
P22579,1037,1057
P22579,1079,1108
P22579,1475,1536
P35207,540,608
P35207,556,577
P53965,1,20
P17883,339,397
Q08491,14,51
Q08491,89,117
Q08491,274,281
Q08491,331,335
Q08491,356,359
Q08491,427,430
Q08491,467,469
P35187,37,78
P35187,243,264
P35187,342,430
P35187,552,572
P35187,601,639
P35187,1402,1447
P33299,1,26
P33299,108,140
P20435,1,57
P20435,111,132
Q12242,68,87
Q12242,643,671
Q12751,630,652
Q00916,204,248
Q00916,263,300
O13516,160,197
P05755,161,195
P25367,149,172
P25367,153,402
P25367,185,405
Q01589,20,165
Q01589,58,137
Q01589,169,262
Q01589,264,289
P11792,1,37
P11792,125,152
P11792,221,272
P11792,285,327
Q6Q595,133,152
P53953,164,189
P53953,300,326
P53207,59,82
P53207,246,270
P53207,323,373
P53207,428,452
P53207,509,537
P38827,1,46
P38827,54,73
P38827,78,121
P38827,646,729
P38827,877,909
P40971,1,50
P40971,72,157
P40971,195,258
P17967,497,522
P32831,1,40
P32831,77,102
P32831,640,672
P14242,1,357
P14242,379,423
P14242,661,873
Q04383,1,63
P31382,1,50
P38861,466,491
Q05777,19,57
Q05777,111,143
Q05777,167,191
P40219,83,110
P25644,1,21
P25644,164,200
P25644,365,465
P25360,40,74
P25360,86,107
Q04373,1,107
P40541,1,122
P40541,1065,1150
Q04003,319,338
P53009,666,804
P38352,242,315
Q12355,359,418
P34222,32,81
Q04740,54,81
P47076,75,96
Q05635,134,153
P53201,1,40
P53201,136,157
P32591,1,285
P32591,464,509
P32591,694,722
P25302,138,210
P25302,448,468
P25302,813,855
P25302,973,1017
P08153,245,267
P08153,443,483
P08153,644,677
P09959,108,150
P09959,169,212
P09959,266,288
P09959,512,540
Q12379,48,81
Q12379,122,141
P36002,35,119
P36002,605,631
P40993,141,198
P34226,37,67
P34226,90,145
P34226,576,696
P50263,1,79
P32578,1,88
P32578,117,146
P32578,311,335
P32578,362,389
P32578,473,716
P32578,581,616
P32578,724,804
Q12469,265,327
P33336,1,112
P33336,126,186
P34164,1,43
P34164,55,158
P34164,154,335
P34164,249,276
P34164,336,415
P38889,1,29
P38889,84,190
P38889,212,303
P38889,501,579
P38889,599,622
Q02100,1,119
Q02100,135,204
Q02100,305,331
Q02100,353,429
Q02100,430,451
Q02100,454,461
P12954,222,243
P12954,676,704
P12954,865,896
P12954,909,973
P12954,994,1024
P17123,1,56
P17123,159,173
P23624,1,30
P23624,116,143
P23624,271,291
P36126,1,150
P36126,173,198
P36126,259,289
P36126,384,416
P36126,1430,1465
P35208,1,30
P35208,534,565
Q04438,16,77
Q04359,1,26
Q04359,4,50
Q04359,51,95
P38904,16,74
P38904,88,265
P38904,286,309
P38904,322,424
P38904,442,482
P38904,519,708
P38904,934,972
P38904,1005,1125
P06843,1,38
P06843,61,264
P06843,259,333
P06843,312,333
P06844,92,131
P43607,235,289
P47025,323,354
Q08925,1,57
Q08925,105,125
P32521,1,147
P32521,142,575
P32521,185,214
P32521,328,680
P32521,737,766
P32521,888,909
P32521,977,1147
P32521,1084,1125
P32521,1169,1480
P32521,1315,1377
P04147,1,36
P04147,9,61
P04147,281,317
P04147,473,577
P40960,1,36
P39081,1,130
P39081,263,286
P46971,1,24
Q03407,1,52
Q03407,156,201
Q03407,476,529
Q03407,725,745
Q12196,398,484
Q12196,403,484
Q12196,440,484
P38883,2,233
P38883,663,763
P38883,722,763
P36517,1,55
Q03441,1,73
P36528,106,141
P46674,1,572
P46674,54,82
P46674,573,1301
P46674,689,715
P46674,733,860
P46674,1164,1185
P17121,1,101
P17121,249,298
P17121,407,504
P17121,516,597
P17121,609,654
Q08873,144,168
Q08873,151,164
P32380,23,110
P32380,900,927
P38272,24,45
P38272,322,425
Q08826,1,23
P47057,1,25
Q04031,99,138
Q04031,209,235
O13563,128,156
P23250,51,94
P23250,165,187
P23250,241,273
P40470,178,206
P32491,1,69
P0CE00,582,602
P40562,530,551
P40562,751,810
P0CE68,410,434
P0CE68,892,926
Q07623,1,75
Q07623,187,225
Q08287,260,330
P49686,1,68
P49686,121,230
P49686,180,294
P49686,319,346
P49686,365,430
Q12066,416,457
Q12202,407,427
Q12202,477,497
Q07362,1,116
Q07362,147,168
P33400,1,138
Q99216,1,70
Q03674,627,672
P09232,35,155
Q07807,222,256
Q07807,344,417
Q07807,443,512
P32338,80,100
Q12194,460,479
Q12300,1,28
Q12300,725,763
P38066,1,27
P38066,312,345
P16664,412,443
P17076,1,37
Q05468,21,125
P38766,1,31
P38766,61,101
P47037,1078,1097
P35178,255,278
P46654,213,252
Q08281,1,39
Q08281,559,593
Q08281,600,619
Q08281,630,651
Q08281,736,765
Q08281,789,830
Q08281,941,962
Q08281,1013,1043
P43612,51,131
P43612,214,273
P43612,609,645
P43612,868,901
P43612,940,1002
P49955,1,22
P49955,54,118
P32568,1,56
P39723,1,58
P39723,221,263
P32597,1090,1246
P40327,1,47
P38792,242,266
P33442,1,20
P40963,1,31
P40963,209,211
P40963,216,222
Q99314,223,248
P34218,419,421
P34218,426,432
P34218,614,639
P34218,719,813
P38778,1,23
P36124,24,52
P36124,79,105
P36124,181,258
P36124,662,738
P37262,59,85
Q07549,84,140
P31109,1,30
P27692,1,228
P27692,931,1063
P27692,942,1063
P23615,1,217
P38704,13,32
P38704,35,58
P38704,73,105
P38704,452,497
P49704,344,370
P30771,1,22
P32862,1,46
P32862,77,149
P32862,226,254
P32862,269,323
P32862,384,506
P32862,944,977
P04050,248,260
P04050,306,323
P04050,810,822
P04050,1537,1733
P04050,1549,1716
Q02983,301,344
P34758,1,98
P34758,209,239
P34758,280,321
P34758,338,358
P34758,405,448
P34758,460,489
P34758,516,571
P34758,534,728
P34758,591,620
P34758,649,681
P34758,697,758
P34758,806,838
P53036,33,60
P53036,499,526
P38429,1,70
P42223,16,84
P42223,123,142
P42223,213,235
P34228,1,51
P34228,148,180
P34228,524,550
P34228,1029,1063
P32342,123,167
P36167,49,68
P36167,200,229
P46675,8,280
P46675,326,550
P46675,756,780
P38985,121,146
P05748,164,185
P28000,1,45
P28707,169,216
P02557,423,457
P40073,252,276
P53866,1,60
P53866,176,200
P53866,466,493
P25648,1042,1066
Q07351,1,85
Q07351,231,273
Q07351,338,375
P53616,89,145
Q06339,1,158
Q06339,24,45
Q06339,67,156
Q06339,159,672
Q07915,147,182
P36520,69,99
Q03305,48,69
Q03305,169,189
Q03305,250,255
Q03305,271,273
Q03305,298,299
P53881,40,63
P25299,99,140
P0C0T4,1,30
Q03761,1,28
Q03761,86,129
Q03761,274,332
P45818,1,45
P45818,62,87
P45818,512,564
P38630,1,103
P38630,788,861
P06780,187,209
P40962,180,199
P40962,211,232
P53289,1,62
P53289,149,176
P16370,297,318
P53046,100,249
Q12149,662,733
P53882,1,33
P53882,87,109
P53882,246,271
P53882,299,326
P53882,339,362
P53882,510,551
P38758,157,189
P21524,608,611
P21524,804,825
P21524,839,861
P24000,66,155
P50106,100,137
P38330,1,29
P38330,77,133
P38330,590,630
Q12420,403,423
Q12420,471,526
Q12420,547,587
P40571,1,22
Q03430,37,99
P38255,408,430
Q04002,151,170
P40316,1,27
P40316,177,278
P34250,76,142
P34250,171,225
P34250,404,429
P34250,510,938
P34250,961,993
P53011,263,285
P15705,199,265
P42943,529,550
Q12513,110,139
P38967,31,53
P32773,120,145
P32773,167,195
P32773,208,236
P38811,185,212
P38811,522,546
P38811,3380,3386
P38811,3563,3571
P38811,3600,3625
P53050,229,299
Q02866,40,66
Q02866,494,560
Q03834,1,271
Q03834,305,421
P53214,108,143
P53214,206,227
P53214,243,263
P53214,429,513
P38747,23,46
P38747,96,130
P35845,415,546
P35845,661,692
P35845,721,755
P35845,800,1174
Q12451,504,571
Q12451,702,721
Q12451,767,834
Q12451,897,1268
P38713,1,183
P38713,75,114
P38713,338,372
P38713,556,611
P38713,642,982
P38713,657,660
P38713,745,746
P38713,945,949
Q02201,1,42
Q02201,54,391
Q02201,64,69
Q02201,64,69
Q02201,126,129
Q02201,157,158
P38755,23,42
P38755,54,393
P38755,64,69
P38755,64,69
P38755,126,129
P38755,157,158
P53632,1,63
P53632,81,147
P53632,525,584
P34232,111,135
P38994,1,100
P38994,116,166
P38994,759,779
P33748,84,246
P33748,418,437
P33748,592,634
Q12412,1,38
P40303,235,254
P35189,59,61
P35189,81,83
P35189,133,169
Q12400,1,31
Q12400,186,187
Q12400,210,214
Q12400,244,246
P43606,111,158
P43606,179,211
P25635,653,674
P25635,868,923
P32855,1006,1065
P30619,675,724
Q12507,289,308
Q02776,67,105
Q08817,1,28
Q08817,454,506
Q08817,534,569
P40317,1,87
P40317,106,139
P40317,162,231
P46995,1,32
P46995,504,548
P46995,619,718
P46995,672,692
Q08446,137,175
Q08446,373,395
P41901,31,68
P41901,116,123
P41901,165,168
P41901,246,249
Q04921,38,45
Q04921,121,124
Q04921,203,206
Q04921,360,385
P11972,10,203
P11972,545,586
P33894,1,58
Q03497,1,87
Q03497,176,299
Q03497,311,331
Q03497,407,487
Q03497,434,499
Q03497,500,598
Q03497,899,939
Q05471,465,524
Q05471,538,641
Q05471,1469,1490
Q12229,25,48
Q12229,120,142
Q12229,305,332
P27514,124,160
P27514,293,321
Q06511,1,101
P38886,226,268
P38712,36,79
P38712,480,501
Q08746,184,203
Q08986,1,31
P52871,1,42
P89102,558,577
P38810,18,52
P38810,220,244
P04786,1,132
P04786,357,358
P04786,420,425
P04786,512,514
P38925,498,517
P31377,110,154
P36166,24,192
P36166,222,258
P36166,279,341
P36166,514,537
P43620,1,136
P43620,286,320
P43620,346,406
P53724,83,121
P38968,815,835
P38968,933,1162
Q12754,1168,1228
P32917,1,25
P32917,58,151
P32917,778,821
P25567,1,243
P25567,396,434
P39073,100,166
P41814,456,478
P40528,882,902
P47030,38,77
P47030,132,249
P47030,267,299
P47030,338,380
P47030,394,428
Q3E764,1,38
Q3E764,45,64
P34219,22,82
P34219,283,308
P34219,451,510
Q06815,33,57
Q06815,81,104
Q06815,360,381
Q12117,285,320
P53166,29,72
Q12052,1,58
Q12052,271,315
P38114,1,33
P38114,927,1035
Q08960,86,116
Q08960,156,176
Q08960,374,407
Q08960,782,810
P47115,186,236
P47023,378,414
P47152,144,169
P47157,18,50
P47162,1,22
P47072,314,366
P0CX20,743,767
P0CX20,1254,1278
P0CX20,1294,1421
Q03434,1,93
Q03434,126,173
Q03434,299,401
Q03434,352,421
Q03434,583,640
Q03434,956,1087
Q03434,1092,1111
Q03434,1130,1171
Q04215,1,88
Q04215,137,174
Q04215,299,401
Q04215,350,424
Q12159,1,62
Q12159,173,226
Q04214,1,88
Q04214,137,174
Q04214,299,401
Q04214,350,420
Q04214,583,640
Q04214,958,1172
Q8TGS6,1,29
Q12340,1,25
Q12340,721,747
Q04835,20,51
Q04893,1,49
Q04893,97,243
Q04893,280,427
Q04893,512,541
Q04893,702,747
Q04893,916,1059
Q04893,1080,1103
Q03722,1,146
Q03722,231,262
Q12220,715,739
P53254,1,78
P06738,1,21
Q01329,487,544
P30620,1,44
P46974,208,231
P46974,413,445
P46974,544,584
P46974,624,643
P46974,652,688
Q03516,910,953
Q01590,31,51
Q01590,180,231
P53172,1,75
P53172,385,481
Q12334,1,48
Q12334,168,202
Q12267,1,122
Q02775,1,72
Q02775,200,224
Q02775,362,382
P38915,1,141
P38915,366,418
P25582,480,534
P25582,565,654
P38687,559,599
P32893,164,193
P38699,81,100
P38699,155,249
P46944,82,125
P46944,678,698
P39932,524,569
P53852,683,712
P46676,1,27
P46676,188,217
P46676,267,337
P46676,370,398
P46676,595,634
P46676,681,804
P31376,1,53
P31376,194,234
P31376,254,273
P31376,324,434
P53174,174,201
P53174,236,237
P34217,1,77
P34217,168,214
P34217,374,398
P34217,420,570
P38345,71,138
Q04951,70,134
P38282,1,99
P38282,239,266
P24276,1,32
P24276,79,163
P24276,197,338
P24276,418,443
P24276,455,517
Q03337,1,20
Q03337,126,156
P33419,1,20
P33419,31,123
P33419,210,231
Q05937,31,56
Q05937,71,140
Q05937,198,222
P53277,36,97
P53277,111,149
Q03714,31,240
Q03714,319,418
Q03714,345,535
Q03714,437,490
Q03714,584,838
Q03714,795,838
P43585,127,134
P43585,580,636
Q12161,209,406
Q00245,139,165
P30775,335,363
P0CX39,1,31
P38804,89,111
P38990,22,41
P38990,82,107
P38990,634,678
P38990,694,799
P38990,825,875
P38990,919,971
P38990,1005,1027
P38990,1066,1142
P40357,1,22
P40357,53,299
P40357,313,332
P11075,1,220
P11075,771,814
P11075,1708,1803
P23201,123,163
P23201,181,223
P23201,261,291
P23201,522,562
P23201,676,782
P23201,816,915
P23201,818,1087
P23201,954,1086
P23201,1098,1130
P23201,1171,1246
P23201,1276,1312
P32916,1,158
P32916,167,217
P32916,398,620
P16965,1,84
P38788,400,538
P38788,464,484
P07806,99,119
P46677,836,856
P46677,989,1036
P12685,161,310
P12685,323,344
P12685,361,441
P12685,488,565
P12685,671,706
P12685,1003,1063
P53853,223,264
P32266,145,183
P32266,217,224
P32266,243,245
P32266,317,320
P32266,385,388
P32266,414,417
P16547,86,112
P16547,186,251
P53179,214,258
P53179,460,542
Q04264,1201,1277
P53261,51,484
P53261,297,342
P53261,459,605
Q00947,16,35
Q00947,47,69
Q00947,65,97
Q00947,115,150
Q00947,357,382
P32367,1,21
P32367,221,419
P32367,556,612
P28263,154,218
P40453,467,532
P40453,913,942
P54730,376,402
P25037,143,195
P25037,569,596
P25037,750,809
P53044,27,28
P53044,30,32
P53044,99,101
P53044,310,361
Q06263,1,167
Q06263,37,68
Q06263,187,217
Q06263,233,280
Q06263,280,330
Q06263,290,330
Q05934,1,54
Q05934,646,727
P40438,1479,1549
P40160,350,420
P05739,1,22
P51998,85,132
Q03691,186,209
P35718,166,194
P40016,480,523
P36160,291,344
P23202,2,89
P23202,22,76
P23202,164,165
P23202,180,181
P46678,1,169
P46678,217,245
P46678,317,343
P46678,520,547
P46678,567,594
P33296,209,229
P36097,810,840
Q12208,1,26
P34247,1,23
P34247,219,250
Q04305,332,354
Q12215,142,257
Q12215,269,312
Q12215,425,444
Q12215,534,556
P0CX34,1,35
P39939,1,20
P39939,88,119
P53850,35,59
Q05043,1,23
Q05043,88,107
Q05043,258,279
Q05043,347,376
Q07657,30,37
Q07657,135,138
Q07657,217,220
Q07657,381,417
Q07657,515,551
Q02774,178,210
P14359,89,133
P06782,1,46
P06782,313,392
P06782,317,345
P06782,409,434
P39928,414,433
P39928,444,500
P39928,960,1016
P39928,1040,1081
Q12098,62,104
Q12098,215,236
Q12098,277,303
Q12098,591,610
P38283,365,390
P38283,405,444
P38283,455,474
P38283,535,560
Q00772,383,403
Q00772,426,464
Q07478,23,52
P38241,331,364
P35209,251,271
P35209,372,414
P35209,438,471
P35209,624,651
P09937,14,37
Q12427,1,20
Q12427,134,159
Q12427,227,249
Q12427,282,354
Q12427,373,437
Q12427,450,513
Q07471,578,598
Q08579,553,599
P38782,211,243
Q12285,150,177
P32569,30,70
P32569,130,189
Q07684,401,458
P40850,130,380
P40850,347,400
Q12205,56,79
P40457,1495,1521
P40457,1632,1679
Q03338,1,45
P23594,1,57
P23594,348,369
P53718,208,230
P53935,1,76
P53935,446,593
P53935,634,744
P53935,951,980
P53935,998,1029
P53935,1214,1240
Q12080,1,25
Q12080,264,333
P12695,122,170
P12695,214,251
P40897,1,26
P40897,43,64
P38271,19,52
Q12255,147,166
P29056,363,421
P29056,509,534
Q08921,18,41
Q08921,97,171
Q08921,201,284
Q08921,324,391
Q08921,418,476
Q08921,538,568
Q08921,663,685
Q03774,55,92
Q03944,1,89
Q03944,539,561
P24309,242,277
Q06706,919,1349
Q06706,1214,1245
Q06706,1228,1246
Q02884,1,91
Q02884,424,444
Q05874,1,27
Q05874,90,92
P40985,31,70
P34239,1,25
P34239,392,411
P34239,423,444
P34239,538,569
P29469,1,65
P29469,87,106
P29469,704,728
P38264,157,188
Q12310,168,193
P33329,1,382
P38972,339,363
Q01477,1,30
Q01477,68,176
Q01477,241,384
Q01477,396,417
P20433,1,23
P20433,71,120
P36121,1,70
Q02773,109,134
P32565,810,851
P32905,209,252
Q3E731,1,25
Q3E731,76,98
P47031,1,26
P32389,1,44
P32389,95,144
P32389,157,265
P32389,188,235
P32389,299,347
P32389,312,375
P32389,375,403
P32389,475,574
P32389,601,612
P32389,614,642
Q00723,217,242
P40506,228,250
P39933,1,45
P39933,406,429
Q02208,48,69
Q02208,271,330
Q02208,346,367
Q02208,633,771
P40310,504,550
P33753,78,113
Q08931,36,100
P15938,132,180
P15938,1035,1071
P33411,17,67
P08456,1,21
P40856,34,71
P40856,135,202
P40856,513,556
P40856,818,862
P40856,873,892
P40856,934,992
P36123,32,82
P36123,147,213
P36123,768,1033
Q04053,1,90
P36119,75,153
P36119,290,323
P36119,479,502
P32786,803,894
P38809,1,135
P38809,313,366
Q04116,86,106
P32634,651,753
P32634,771,807
P32634,875,915
P32634,938,957
P32634,962,988
P32634,1312,1467
P32634,1604,1686
P32634,1706,1753
Q07844,36,56
Q07844,149,207
Q07844,443,468
P25441,1,80
P25441,115,190
P25441,219,244
P25441,318,350
P40693,1,52
Q08723,301,338
Q12049,1,31
Q12049,137,167
P53072,1,31
P53072,64,83
P40468,1,30
P40468,275,294
Q08693,1,66
P40061,1,62
P40061,182,285
P32913,1,100
P32913,474,504
Q03785,384,433
P39548,168,187
P32783,1,50
P32783,150,151
Q05518,1,232
Q05518,379,499
P53112,276,341
P07269,16,88
P07269,132,158
P07269,293,333
P07269,534,559
P17442,210,250
P32772,78,117
P23255,252,336
P23255,1285,1350
P38288,158,221
P32588,1,67
P32588,241,262
P32588,260,264
P32588,419,453
Q00816,1,63
Q00816,90,144
Q00816,236,270
Q00816,340,463
Q00816,531,557
Q00816,570,591
Q00816,690,897
Q00816,959,982
P47006,179,233
P10964,280,310
P10964,992,1004
P10964,1343,1423
P38688,574,640
Q06506,1,63
P36085,447,469
Q12325,1,25
Q12416,1,171
Q12416,249,295
P40157,188,215
P40157,372,422
Q12363,368,404
P53222,1,26
P53222,74,116
Q12257,79,98
Q12392,1,88
Q12392,295,397
Q12392,360,403
Q12392,418,438
Q12485,1,93
Q12485,126,173
Q12485,299,401
Q12485,352,440
Q03780,1,115
Q03780,130,200
Q03780,217,238
P0CX66,1,93
P0CX66,126,173
P0CX66,299,401
P0CX66,352,440
Q07950,42,87
Q12459,1,65
Q12459,133,183
Q12459,197,274
Q12459,455,480
P47116,28,100
P47116,117,177
P47116,585,795
P38805,24,47
P38805,254,271
P39516,118,138
P0CX52,123,143
P38314,1,75
P38314,424,478
P38314,508,527
P53189,98,119
P53189,138,169
P53189,182,276
P06105,1,59
P06105,79,98
Q12153,1,22
Q12153,275,327
Q12153,373,453
P20424,1,303
P20424,304,541
P20424,442,489
P42845,2,70
P42845,30,187
P42845,273,319
Q99394,1,27
P06783,300,470
P06783,440,470
Q12020,18,52
Q12020,283,303
P39007,516,518
P39007,694,718
P53599,1,70
P53599,97,155
P53599,190,243
Q07084,73,114
Q07084,340,362
Q07084,448,468
Q07084,672,712
P39015,1,153
P39015,219,273
P25604,155,219
P29453,1,37
P0CX86,1,25
P38764,1,44
P38764,170,191
P38764,628,728
P0CX33,1,35
Q05515,197,251
Q05515,358,389
P40463,1,34
P40463,165,195
P40463,211,266
P40463,282,360
P40463,389,436
P35723,140,163
P53108,1,84
Q12293,1,88
Q12293,295,397
Q12293,365,397
Q12293,419,438
P48559,1,34
Q12501,1,88
Q12501,295,397
Q12501,359,449
Q12501,579,636
Q12501,1005,1038
Q12501,1057,1135
Q12501,1146,1165
Q12501,1170,1205
P53891,1,36
P35725,1,26
P35725,67,167
Q06813,328,353
Q2V2P3,19,42
P0C2J3,1,86
P0C2J3,295,397
P0C2J3,359,453
P0C2J3,579,636
P0C2J3,1005,1038
P0C2J3,1058,1135
P0C2J3,1146,1165
P0C2J3,1170,1205
Q04049,598,632
Q04049,625,632
P38291,1,21
P38796,32,70
P43588,1,20
P39956,599,692
P39956,774,796
P28584,189,244
P28584,705,733
Q3E794,1,25
P53156,242,264
P50089,53,162
P50089,571,590
P50089,631,657
P50089,693,785
P40455,1,47
P40455,78,128
P38555,185,223
Q99326,1,22
Q99326,186,208
Q99395,38,88
Q99395,160,206
Q08245,1,96
P36083,141,171
P36083,276,298
P36083,395,416
P54786,1,28
P54786,91,142
P54786,483,541
P54786,617,654
P54786,682,728
P54786,788,817
P36103,33,168
P36103,210,277
P47087,111,143
P47087,172,207
Q08208,38,96
Q08208,340,394
Q08208,423,459
P53203,1,26
P53203,406,425
P36110,122,197
P40040,37,123
P40040,177,218
Q04183,354,374
P53147,176,199
P40537,1,42
P40537,71,110
P40537,388,419
P40537,731,800
P40537,841,960
P40537,983,1034
P38959,1,100
P38739,151,305
P38739,381,404
P38739,494,521
P43582,32,116
Q03619,1,93
Q03619,126,173
Q03619,299,401
Q03619,352,421
Q03619,583,640
Q03619,958,1170
P25349,204,247
P36018,131,151
P36018,206,234
Q02749,1,28
P47033,262,313
P47033,381,400
P47033,453,494
P47033,579,611
P47033,758,788
P47033,800,830
P49957,172,236
P38187,172,305
P38187,318,367
P47049,333,361
P47049,374,396
P38759,173,242
P38321,1,84
P38321,103,160
P38321,512,556
P38321,568,613
P38321,648,676
P40497,12,43
P40497,593,612
Q03482,1,43
Q03482,4,33
Q03099,832,999
P42947,1,126
P42947,138,169
P42947,275,298
P40574,34,77
P40574,63,82
P40574,86,114
P53074,23,48
P38966,205,242
P38966,599,629
Q12316,1,93
Q12316,126,173
Q12316,299,401
Q12316,352,421
Q12316,583,640
Q12316,956,1172
P25383,1,88
P25383,295,397
P25383,365,397
P25383,419,438
P53952,1,76
P53952,90,111
P53952,204,270
P53947,32,60
P53947,240,304
Q6Q5H1,1,93
Q6Q5H1,126,173
Q6Q5H1,299,401
Q6Q5H1,352,440
P0CX68,1,93
P0CX68,126,173
P0CX68,299,401
P0CX68,352,440
Q04978,87,107
P53908,34,57
Q12139,1,34
Q12139,90,130
Q12139,195,225
Q12139,283,334
Q12139,371,451
P36138,24,111
P36138,160,183
Q06251,133,174
Q08182,1,144
Q08182,130,149
Q08182,153,181
Q2V2P7,1,80
P25639,216,274
P0CT86,56,78
Q04706,1,88
Q04706,126,173
Q04706,299,401
Q04706,352,440
Q07834,727,766
P0C2I9,1,93
P0C2I9,126,173
P0C2I9,299,401
P0C2I9,352,421
P0C2I9,583,640
P0C2I9,956,1087
P0C2I9,1092,1111
P0C2I9,1130,1187
P25591,109,134
P25591,110,170
P25591,150,211
P25591,290,380
Q06385,1,26
Q06385,197,208
P40151,35,62
P0CX71,1,93
P0CX71,126,174
P0CX71,299,401
P0CX71,352,440
Q12110,72,91
Q12152,500,530
Q12152,588,629
Q12152,745,770
P34231,703,750
P53735,118,178
P53735,473,497
Q06216,20,52
Q06216,593,629
P07270,1,31
P07270,35,71
P07270,75,99
P07270,138,259
P07270,156,200
P07270,201,218
P07270,203,227
Q04545,160,227
Q04545,398,428
Q04545,617,636
P38835,324,348
P38835,406,428
P38835,451,494
P38835,583,659
P38835,793,850
P0CX67,1,93
P0CX67,126,173
P0CX67,299,401
P0CX67,352,440
Q04636,190,209
Q04636,484,552
P21372,28,138
P21372,689,730
Q06685,1,33
Q06685,93,185
Q06685,197,198
Q06685,377,378
Q06685,492,495
Q06685,530,597
Q06685,1106,1146
Q92331,1,26
Q92331,65,84
Q92331,165,219
P43597,1,39
P43597,65,116
P43597,160,211
P43597,250,577
P43597,594,825
P43597,851,872
P43597,902,955
P43597,984,1071
P43597,1109,1128
Q07629,204,317
P34240,112,171
P34240,221,244
P34240,274,295
P32356,1,59
P32356,73,92
P32356,309,310
P32356,355,357
Q03855,1,93
Q03855,126,173
Q03855,299,401
Q03855,352,421
Q03855,583,640
Q03855,956,1087
Q03855,1092,1111
Q03855,1130,1187
P0C2I3,1,93
P0C2I3,126,174
P0C2I3,299,401
P0C2I3,352,421
P0C2I3,583,640
P0C2I3,956,1087
P0C2I3,1092,1111
P0C2I3,1130,1187
Q3E838,1,28
Q3E7B7,1,68
Q04585,1,27
P37263,63,96
P53976,176,203
Q08989,141,176
Q03388,1,281
Q03388,40,179
Q03388,314,406
Q03388,462,510
Q03388,554,585
P38201,73,100
P38201,222,269
P38293,1,35
Q12301,237,271
Q04093,429,472
Q04093,491,513
Q04093,650,687
Q99231,1,93
Q99231,126,173
Q99231,299,401
Q99231,352,421
Q99231,583,640
Q99231,956,1087
Q99231,1092,1111
Q99231,1130,1186
O74302,1,93
O74302,126,174
O74302,299,401
O74302,352,440
P53962,361,389
P53870,531,558
Q12523,1,64
Q12523,436,472
P53177,243,273
Q08926,72,269
P40890,1479,1549
Q03390,128,159
Q03390,186,229
P33334,1,60
P33334,253,543
P33334,885,1375
P33334,1376,1649
P33334,1585,1598
P33334,1653,1824
P33334,1839,2092
Q02724,116,150
Q02724,169,196
Q02724,432,621
P32788,1,26
P32788,225,240
P32788,250,264
O13527,397,528
O13527,533,552
O13527,571,628
Q03612,1,93
Q03612,126,174
Q03612,299,401
Q03612,352,421
Q03612,583,640
Q03612,956,1087
Q03612,1092,1111
Q03612,1130,1171
P53231,97,118
P25617,17,91
P25617,220,259
P34225,14,35
P34225,63,97
Q08964,271,301
Q3E7A7,71,99
P40476,238,318
P32776,65,85
P32776,120,154
P32776,399,418
P53851,388,422
P53250,301,332
Q12240,93,116
P38867,183,210
P38867,428,453
Q03823,1,81
Q03823,391,411
Q04670,1,93
Q04670,126,173
Q04670,299,401
Q04670,352,421
Q04670,583,640
Q04670,956,1087
Q04670,1092,1111
Q04670,1130,1186
Q3E842,34,57
Q12697,1,32
Q12697,71,115
Q12697,179,273
P0CX58,1,93
P0CX58,126,173
P0CX58,299,401
P0CX58,352,440
Q07963,1134,1240
Q07963,1203,1227
P46956,1,31
P32524,53,72
P32524,246,280
P17890,186,251
P0CX31,102,135
P36165,51,120
P36165,657,683
P36165,713,777
P36165,874,910
Q12252,749,787
Q06709,79,150
P15180,1,64
P53394,1,91
P38326,1,92
P38326,126,146
P38326,199,219
Q12297,279,353
P38854,32,62
P38854,252,306
P38854,332,377
P38854,400,504
P40957,39,59
P40957,323,370
Q08777,1,33
Q08777,65,96
Q12057,153,183
Q12057,246,282
P50947,139,272
P39944,359,380
Q03088,472,503
Q03088,538,664
Q03088,750,825
P53032,133,160
Q12490,20,84
Q12490,137,173
Q12490,299,401
Q12490,350,420
Q12490,583,640
Q12490,956,1172
P19736,367,388
P19736,488,516
P40968,1,89
P20095,1,111
P13393,21,61
P15565,91,128
P15565,133,155
P19812,1117,1219
P19812,1826,1846
P19812,1893,1950
Q03935,1,64
Q03935,83,113
Q03935,168,239
Q03935,223,247
Q03935,249,277
Q12260,1,88
Q12260,295,397
Q12260,364,397
Q12260,419,438
Q08912,141,174
P40169,254,301
Q06523,174,210
Q06523,290,372
P0CX75,1,93
P0CX75,126,173
P0CX75,299,401
P0CX75,352,440
P32527,292,357
P40917,181,205
P40917,239,260
P40917,262,271
P46683,152,173
P38750,512,537
P38750,605,627
Q03856,1,93
Q03856,126,173
Q03856,299,401
Q03856,352,440
Q03533,1,26
Q03533,503,524
P53950,118,147
P53950,215,241
P53950,274,423
P53950,461,497
P53950,560,668
P53950,1074,1121
Q07655,196,217
Q07655,228,247
Q07655,438,461
Q07655,604,649
Q03433,64,92
P53832,124,260
P53832,470,503
P25297,568,587
P53037,90,166
P53037,269,305
P53037,413,448
P04802,1,74
P04802,303,306
Q02875,305,505
Q02875,527,547
Q02875,593,612
Q02875,634,661
Q12000,1,70
Q12000,316,345
P53278,1,34
P53278,65,101
P53278,154,406
P53278,770,816
P41920,1,66
Q04711,1,88
Q04711,126,173
Q04711,299,401
Q04711,352,421
Q04711,583,640
Q04711,956,1087
Q04711,1092,1111
Q04711,1130,1171
O13559,840,864
O13559,880,1007
P0CX69,1,93
P0CX69,126,173
P0CX69,299,401
P0CX69,352,440
Q2V2P0,49,78
P36158,27,59
P38236,28,47
P38236,60,85
P32334,248,267
P32334,519,539
P32334,561,580
P32334,665,685
P32334,698,816
P32334,709,849
P32334,1123,1158
P32334,1272,1291
P53604,88,210
Q03455,614,653
P28708,1,59
Q12043,585,643
Q3E7Y5,321,345
Q12193,1,93
Q12193,126,173
Q12193,299,401
Q12193,352,421
Q12193,583,640
Q12193,956,1088
Q12193,1142,1173
P0CX65,1,93
P0CX65,126,173
P0CX65,299,401
P0CX65,352,440
Q03483,1,89
Q03483,295,397
Q03483,366,438
O14468,1,28
P53878,383,407
P34248,561,587
O13565,42,63
P0C2I4,1,84
P0C2I4,126,174
P0C2I4,337,439
P0C2I4,390,478
P38900,113,249
P53234,208,237
P38070,170,193
Q99248,615,667
Q99248,684,730
Q08206,1,82
Q08206,229,320
Q08206,590,640
P40168,22,63
P40168,121,148
P40168,157,176
P40168,242,261
Q06821,415,444
P38349,115,141
P38349,325,357
P38349,371,436
P40076,1,22
Q12470,1,97
Q12470,129,171
Q12470,299,401
Q12470,352,440
Q99260,178,215
Q92393,1,93
Q92393,126,173
Q92393,299,401
Q92393,352,421
Q92393,583,640
Q92393,956,1087
Q92393,1092,1111
Q92393,1130,1187
Q02203,242,264
P36111,334,382
P36111,436,479
P47009,1,48
P47009,66,104
Q99296,82,114
Q99296,447,468
Q02457,376,414
Q02457,495,562
P35172,1,48
P35172,338,339
P35172,384,386
P53874,2,27
P53874,64,87
P53874,103,320
P53874,109,145
P53874,167,208
P53874,526,563
P53874,749,792
P47161,1,63
P47161,334,367
Q12103,502,523
Q12085,1,93
Q12085,126,173
Q12085,299,401
Q12085,352,440
P0CX63,1,86
P0CX63,295,397
P0CX63,359,453
P0CX63,579,636
P0CX63,1004,1034
P0CX63,1059,1135
P0CX63,1146,1165
P0CX63,1170,1205
P38177,262,298
P38177,374,393
P38177,400,452
P43587,1,56
P43587,79,155
Q12275,52,73
Q12275,96,130
Q02781,59,92
Q12160,113,140
Q06188,145,195
Q05998,574,598
P38238,276,310
Q7M4S9,91,390
Q7M4S9,113,417
Q12472,1,88
Q12472,295,397
Q12472,355,453
Q12472,579,636
Q12472,915,935
Q12472,1005,1038
Q12472,1057,1205
P40028,62,83
P40028,498,518
P40028,683,702
P38243,1,73
P38243,96,123
P47100,1,93
P47100,126,173
P47100,299,401
P47100,352,421
P47100,583,640
P47100,956,1087
P47100,1092,1111
P47100,1130,1186
Q04336,954,980
Q04336,1063,1088
Q03695,24,53
Q03695,190,291
P0CX21,743,767
P0CX21,1254,1278
P0CX21,1294,1421
P53747,176,219
Q92392,1,93
Q92392,126,173
Q92392,299,401
Q92392,352,440
P01123,63,80
P01123,173,206
P01123,189,195
P53751,1069,1116
P36155,254,278
Q3E826,1,28
Q08747,89,118
Q08747,209,228
Q99303,1,89
Q99303,295,397
Q99303,364,404
Q99303,416,438
P25384,1,88
P25384,295,397
P25384,355,453
P25384,579,636
P25384,1003,1038
P25384,1057,1205
Q2V2Q2,24,44
Q12204,161,180
Q12204,242,268
Q12204,311,340
Q12439,1,88
Q12439,295,397
Q12439,366,397
P32795,51,92
P32795,718,747
Q02209,233,265
Q12138,23,44
Q12138,56,95
P14682,185,295
P42949,57,113
P42949,115,149
P17536,59,81
P17536,102,147
P06786,333,336
P06786,965,974
P06786,1083,1102
P06786,1176,1217
P06786,1240,1288
P06786,1303,1428
Q04608,253,288
P53249,81,101
P53249,123,167
P53274,1,88
P53274,156,203
Q08270,81,108
Q06616,142,221
P0C2J4,1,86
P0C2J4,295,397
P0C2J4,364,397
P0C2J4,419,438
P32804,177,196
P32804,232,233
P41812,1,20
P41812,35,54
P41812,119,140
Q07350,1,21
P23394,15,94
P34230,33,80
P34230,794,853
P14291,364,393
P14291,563,655
P34111,475,533
P29055,65,93
P48231,1,27
Q12466,1,50
Q08919,1,22
Q07381,1,57
Q12030,1,57
P50105,1,143
P34163,449,477
P34163,496,516
P34163,528,548
P25386,1,724
P25386,452,484
P25386,465,487
P25386,991,1790
P25386,1185,1221
P25386,1326,1351
P25386,1485,1547
P25386,1645,1667
P25386,1722,1742
P25386,1762,1790
P38708,631,650
P43537,26,88
P38277,83,108
P38277,155,179
P40361,1,42
P40341,43,67
P40341,115,173
P40341,806,825
Q12179,1,25
Q06116,1685,1704
Q06116,2451,2489
P53378,33,56
Q08422,1,82
P40414,32,97
P38825,45,106
Q08144,341,397
P34761,14,58
P34761,237,280
P34761,383,410
P34761,469,508
P34761,613,661
P54787,15,54
P42839,1,20
P42839,68,147
O13535,1,84
O13535,126,174
O13535,337,439
O13535,390,459
O13535,621,678
O13535,996,1208
Q05497,673,695
P53243,782,804
P40449,1,98
Q12112,1,86
Q12112,131,171
Q12112,299,401
Q12112,350,420
Q12112,583,640
Q12112,956,1120
Q12112,1146,1172
P0CX59,1,93
P0CX59,126,173
P0CX59,299,401
P0CX59,352,440
P53876,74,108
P0C2I5,1,93
P0C2I5,126,174
P0C2I5,299,401
P0C2I5,352,421
P0C2I5,583,640
P0C2I5,956,1087
P0C2I5,1092,1111
P0C2I5,1130,1187
P53925,1,35
P53925,225,251
P53925,469,492
Q12026,1,27
P53920,1,43
P53920,83,273
P53191,1,110
P53191,123,181
P53191,224,254
P53191,534,557
P53191,570,623
P05750,212,240
Q3E792,1,30
P34223,44,167
P34223,299,348
Q04311,123,155
Q04311,578,632
Q03897,963,990
P36116,30,93
P31111,47,67
P31111,127,152
P31111,738,831
P43562,499,540
P38833,71,120
Q03494,1,89
Q03494,295,397
Q03494,360,449
Q03494,579,636
Q03494,1005,1038
Q03494,1059,1135
Q03494,1171,1222
Q12441,1,93
Q12441,126,173
Q12441,299,401
Q12441,352,440
P39959,337,383
P53845,9,32
P38239,1,31
P53719,30,60
P53719,129,212
P38806,123,217
P0C271,1,20
Q06247,1,21
Q04773,15,41
Q04773,125,145
P46996,289,311
Q05854,72,100
Q05854,770,804
Q05854,864,971
Q05854,1031,1116
Q05854,1220,1240
Q07914,1,29
P50078,181,233
Q12383,55,78
P43593,365,391
Q12151,103,173
Q12151,216,258
Q12151,347,385
Q12151,453,489
Q12151,552,571
Q04511,564,585
Q04511,599,639
P38142,258,281
P40523,141,187
P40523,490,510
Q07793,1,93
Q07793,126,174
Q07793,299,401
Q07793,352,421
Q07793,583,640
Q07793,956,1087
Q07793,1092,1111
Q07793,1130,1187
P38280,1,24
P38280,162,225
P0C2I6,1,93
P0C2I6,126,173
P0C2I6,299,401
P0C2I6,352,421
P0C2I6,583,640
P0C2I6,956,1087
P0C2I6,1092,1111
P0C2I6,1129,1172
Q06412,1,144
Q06412,164,194
Q06412,219,239
Q06412,780,802
P16649,124,278
P16649,387,409
Q04602,34,172
Q07878,432,457
Q07878,1347,1393
Q07878,2158,2177
Q08831,1,57
Q08831,85,105
Q08831,150,187
Q08831,305,448
P38306,1,85
P38306,167,189
P0CX61,1,86
P0CX61,295,397
P0CX61,366,397
P0CX61,419,438
P35736,1,27
P35736,34,53
P35736,687,730
P35736,751,778
P35736,791,821
P35736,834,922
Q06170,181,240
P12611,1,34
P12611,227,253
P12611,345,397
Q02725,126,133
Q02725,564,610
Q02725,616,635
P40017,1,21
P40017,197,232
P40017,529,541
P40017,763,787
Q12489,1,86
P40052,33,58
P40052,100,139
P40052,177,210
P53139,1,140
P36134,30,67
Q3E747,1,28
Q3E747,35,54
O13585,462,504
O13585,805,827
O13585,865,888
Q3E742,1,42
P32319,1533,1579
P39001,1,77
P39001,92,168
P39001,218,332
P39001,381,464
P39001,508,594
P39001,636,766
Q08438,1,164
Q08438,190,230
Q08438,348,368
Q08438,384,426
Q08438,575,674
P38838,1,22
P38838,161,208
P38202,1,21
P38202,52,106
Q12266,20,84
Q12266,137,173
Q12266,299,401
Q12266,350,424
P38829,1,26
P38829,75,100
P38721,246,321
P32618,152,173
P32618,488,600
P32618,875,956
Q04471,25,48
Q04471,270,368
P40105,1140,1307
P36036,1,60
P36036,137,203
P38815,1,63
Q12391,1,86
Q12391,131,171
Q12391,299,401
Q12391,350,425
Q12273,1,93
Q12273,126,173
Q12273,299,401
Q12273,352,421
Q12273,583,640
Q12273,956,1087
Q12273,1092,1111
Q12273,1130,1171
P47043,1,26
P47043,140,164
P47043,182,502
P47043,207,402
P47043,436,482
P47043,510,555
P47043,579,641
P47043,611,640
P20107,141,170
P20107,208,227
P20107,391,419
P18412,372,410
P18412,465,486
P33122,89,109
P33122,221,245
P46955,57,84
P50946,1,43
Q06668,450,471
P36023,52,99
Q03790,1,83
Q03790,89,108
Q03790,190,209
Q03790,222,244
Q03790,405,438
Q03790,449,475
P53297,1,38
P53297,305,380
P53297,412,488
P53297,683,722
P53224,1,57
Q06144,1,50
P52960,879,929
Q06449,114,189
P53879,51,76
P53879,239,331
P32944,86,105
P32944,117,168
P32944,278,297
P32944,341,395
P32944,707,736
P53552,1250,1274
P53552,1384,1597
Q8TGM6,80,124
Q03525,115,211
P06104,145,172
P40041,1,23
P40041,105,179
P40041,421,460
P07273,78,142
Q08686,191,222
P38987,16,244
P38987,210,245
P53322,21,56
P47045,152,171
P53840,1008,1051
P53840,1159,1218
Q06672,144,205
P53253,297,351
P53253,387,437
P53253,512,533
Q99220,497,528
P43611,167,195
Q12415,362,417
P53299,1,27
P52491,1,23
P40522,118,139
P40522,580,640
P38329,1,21
Q12269,1,93
Q12269,126,173
Q12269,299,401
Q12269,352,421
Q12269,583,640
Q12269,956,1087
Q12269,1092,1111
Q12269,1130,1187
P53185,746,824
P40057,62,83
P40057,101,128
P47048,387,439
P40434,1142,1384
P25351,261,301
P12688,1,117
Q3E824,34,65
Q06146,37,63
Q06146,115,270
Q06146,283,321
Q03177,1,51
Q03177,213,233
Q03177,761,789
P38344,55,82
P38344,102,145
P38344,268,293
P0CX51,123,143
Q08162,1,235
Q08162,343,363
P40572,21,53
P40572,78,133
P40362,48,128
P40362,101,190
P40362,176,200
P35194,2457,2493
P34241,1,23
P23642,22,48
Q12045,36,55
Q04272,170,221
P38216,1,106
P38180,156,213
P38180,228,259
P38180,291,319
P40009,586,606
Q12182,281,319
P0C2J1,1,93
P0C2J1,126,173
P0C2J1,299,401
P0C2J1,352,421
P0C2J1,583,640
P0C2J1,956,1087
P0C2J1,1092,1111
P0C2J1,1129,1172
P0CX60,1,93
P0CX60,126,173
P0CX60,299,401
P0CX60,352,440
P11747,97,167
Q08562,86,123
Q08562,200,279
Q08562,347,371
Q08562,429,450
P52488,581,636
P37370,1,752
P37370,786,806
P53076,155,239
P53076,264,308
P53076,440,469
P53076,624,650
P53076,710,742
P53076,754,835
P21576,36,43
P21576,62,64
P21576,76,122
P21576,178,181
P21576,247,250
P21576,277,280
Q12206,1,22
Q12206,84,121
P38784,93,125
Q08956,58,80
P53120,567,602
P53120,967,990
P53120,1096,1125
P47139,1,41
P47139,60,88
P0CX14,1318,1485
P0CX22,743,767
P0CX22,1254,1278
P0CX22,1294,1421
P38749,114,150
P38749,147,168
P38749,172,207
Q12172,1,47
Q12172,722,742
P38087,1,27
Q06681,1,97
Q06681,174,194
Q06681,200,219
Q06681,285,308
Q06681,338,418
Q06681,455,485
Q06681,505,543
Q06681,777,843
Q06681,1225,1257
Q99337,1,97
Q99337,129,171
Q99337,299,401
Q99337,352,421
Q99337,583,640
Q99337,945,1166
Q03208,79,98
Q03208,264,290
Q03208,323,357
P53857,1,20
P53857,51,79
P53857,155,177
P53857,365,406
P40159,1,48
P40159,89,199
Q07967,198,224
P50111,1,28
P50111,69,134
P50111,179,261
P50111,310,330
P50111,412,433
P50111,464,807
P38141,1,23
P38141,210,234
P53904,234,254
P07213,36,87
P07213,228,251
P80967,1,20
P39967,1,76
P39967,194,273
P39967,726,754
P36026,231,268
P36026,531,577
Q12339,172,254
P48412,1,71
P48412,270,317
P48412,345,387
Q12071,1,44
Q12071,729,748
P0C2I2,1,93
P0C2I2,126,173
P0C2I2,299,401
P0C2I2,352,421
P0C2I2,583,640
P0C2I2,956,1087
P0C2I2,1092,1111
P0C2I2,1130,1187
P0CX70,1,93
P0CX70,126,174
P0CX70,299,401
P0CX70,352,440
Q04162,289,313
P40022,1,71
P40022,155,185
P39523,37,63
P39523,152,177
P39523,315,381
P39523,397,472
P39523,515,546
P39523,616,639
P39523,654,683
Q08560,120,144
Q05867,52,74
Q05867,281,314
Q02872,1,36
Q07990,111,139
Q01476,884,918
P52917,74,114
P52917,364,384
P52917,418,437
P40489,138,170
P40489,264,295
P40489,425,455
P40489,485,508
P40489,612,647
P38899,257,281
P53329,78,97
P53210,136,174
P32622,442,480
P53107,341,375
Q03795,275,300
P0CX15,1318,1485
P38079,282,344
Q03559,1,31
Q03559,157,197
Q12407,1,22
Q12407,561,587
Q12407,654,687
Q03703,193,340
Q08157,280,341
P32793,220,386
P53963,171,217
Q12303,448,476
Q02606,1,30
Q06152,1,40
P39968,527,557
P53066,151,181
P0CX64,1,86
P0CX64,295,397
P0CX64,359,453
P0CX64,579,636
P0CX64,1004,1034
P0CX64,1059,1135
P0CX64,1146,1165
P0CX64,1170,1205
Q06493,51,73
Q06493,420,454
P51996,186,222
P53907,318,414
P53907,525,576
Q08748,745,774
Q08954,1,24
Q08954,181,219
P25339,236,270
P25339,467,551
P40328,219,269
P40328,317,439
P38290,254,277
P36017,176,210
Q3E781,1,21
Q12217,1,93
Q12217,126,173
Q12217,299,401
Q12217,352,440
O13511,1,26
Q12027,381,403
Q07451,142,171
P47024,382,502
P47024,540,600
P47024,1224,1250
P0CX74,1,93
P0CX74,126,173
P0CX74,299,401
P0CX74,352,440
Q8TGT0,34,57
P0CX76,1,93
P0CX76,126,173
P0CX76,299,401
P0CX76,352,440
Q05899,109,129
Q02831,1,27
Q02831,189,227
P25040,1,20
P25040,190,214
P39547,169,189
P39538,827,893
P39538,1188,1207
P33202,1,117
P33202,1007,1081
Q04500,1,197
Q04500,485,509
Q04500,559,721
Q04500,776,805
Q07791,1,89
Q07791,295,397
Q07791,355,449
Q07791,579,636
Q07791,1005,1038
Q07791,1057,1205
P47098,1,93
P47098,126,173
P47098,299,401
P47098,352,421
P47098,583,640
P47098,956,1087
P47098,1092,1111
P47098,1130,1186
P47099,1,93
P47099,126,173
P47099,299,401
P47099,352,440
P40517,1,96
P40517,109,205
P53819,1318,1485
P0C2I8,1,93
P0C2I8,126,173
P0C2I8,299,401
P0C2I8,352,440
Q06839,218,240
Q06839,431,456
Q07888,321,345
Q07888,832,1035
Q06698,1,57
Q06698,226,251
Q06698,543,566
P40889,1142,1384
Q02864,1,27
Q02939,296,319
Q04372,318,366
P48561,1,29
P48561,84,104
P48561,535,642
P38427,59,86
P38427,129,168
P38427,144,164
P38427,192,244
P38427,274,297
P38427,320,812
P38427,1000,1027
Q12491,1,88
Q12491,295,397
Q12491,359,453
Q12491,579,636
Q12491,1005,1037
Q12491,1057,1205
P53316,1,34
P53316,345,375
P53316,640,668
Q99208,321,345
Q99208,832,999
Q12414,1,93
Q12414,126,174
Q12414,299,401
Q12414,352,421
Q12414,583,640
Q12414,956,1087
Q12414,1092,1111
Q12414,1130,1187
Q3E795,58,98
P40021,1,66
P40021,85,162
P40021,190,223
P40021,234,253
P40021,357,450
P40021,534,557
P40021,566,585
P40021,658,701
P40021,713,762
P40021,909,931
P40021,1000,1020
P40021,1042,1076
Q07949,13,117
P33339,1,71
P33339,128,569
P33339,309,334
P38085,1,57
Q06266,1,101
Q06266,316,366
Q12241,1,26
Q12241,116,146
Q12241,162,182
Q8TGJ7,21,40
P22147,1246,1331
P22147,1431,1455
P22147,1470,1528
P33301,429,455
P33301,807,854
Q02792,492,529
Q02792,561,584
Q02792,939,1006
Q02792,955,999
Q06682,50,70
Q06682,142,169
Q06682,371,399
P25572,55,119
P15731,1,22
Q06708,333,373
Q06708,850,880
P40343,236,260
P40343,317,348
P40343,462,622
P40080,99,125
P40080,171,193
P40514,1,26
Q06640,1,32
Q06640,67,101
Q03964,1,75
Q03964,137,174
Q03964,299,401
Q03964,350,440
P32386,445,468
Q12088,1,93
Q12088,126,173
Q12088,299,401
Q12088,352,421
Q12088,583,640
Q12088,956,1170
P53932,183,206
P53932,227,324
P0CX72,1,93
P0CX72,126,174
P0CX72,299,401
P0CX72,352,440
P53303,1,31
P47988,1,61
P47988,229,254
P33448,1,22
P23643,1,100
P14680,1,84
P14680,124,180
P14680,214,254
P14680,714,758
P0C2J7,381,501
P0C2J7,539,599
P0C2J7,1223,1248
P0CX62,1,86
P0CX62,295,397
P0CX62,366,397
P0CX62,419,438
Q12141,1,93
Q12141,126,173
Q12141,299,401
Q12141,352,421
Q12141,583,640
Q12141,956,1087
Q12141,1092,1111
Q12141,1130,1187
Q12113,1,88
Q12113,295,397
Q12113,359,449
Q12113,579,636
Q12113,916,935
Q12113,1005,1038
Q12113,1057,1205
Q05863,111,155
P34161,1,57
P34161,87,113
P34161,235,259
P34161,271,385
P24279,52,78
P24279,594,614
P24279,749,825
P24279,842,893
P39104,218,240
P39104,303,411
P39104,564,624
P39104,776,782
P39104,915,923
P39104,934,958
Q12094,1,30
Q12094,215,313
P0CX57,1,93
P0CX57,126,173
P0CX57,299,401
P0CX57,352,440
Q07074,1,20
Q3E7X8,696,763
Q3E7X8,775,895
P38740,288,315
P40095,1,33
P40095,60,101
P40095,102,121
P40095,150,174
P40095,192,271
P40095,286,317
P40095,357,379
P40095,441,483
Q7LHG5,470,490
Q7LHG5,1132,1171
P53723,369,404
P32843,44,66
P32843,607,633
Q08974,1,21
Q06070,90,115
P47090,38,76
P47075,126,133
P47075,489,512
Q03631,114,171
Q03631,197,225
P53155,331,381
P38870,313,340
P38870,732,785
Q6Q5X2,1,28
P18961,1,115
P53049,1,48
P53049,552,595
Q08995,455,658
P0C2J0,1,93
P0C2J0,126,173
P0C2J0,299,401
P0C2J0,352,421
P0C2J0,583,640
P0C2J0,957,1088
P0C2J0,1093,1112
P0C2J0,1131,1188
Q03080,223,263
P0CX73,1,93
P0CX73,126,174
P0CX73,299,401
P0CX73,352,440
Q06479,607,647
Q06479,716,739
P40308,471,502
Q03640,1,89
Q03640,624,660
Q03640,1304,1404
P40547,822,867
Q6Q5P6,380,413
Q07555,1,62
Q07555,220,242
Q07555,255,291
Q07454,675,712
Q08930,317,360
P47147,647,672
Q06235,1,26
P28320,228,278
P32943,63,91
P32486,1,90
P32486,117,142
P32486,167,189
Q04533,242,273
P40965,22,41
P32335,43,66
P36157,1,20
P40959,1,36
Q92317,124,146
P53939,41,64
P53939,277,315
P25353,168,545
P25353,640,670
P25353,686,711
P40007,1,30
P40007,77,120
P37838,1,21
P37838,106,142
P37838,231,285
P37838,622,685
P34909,370,412
Q05166,23,64
Q05166,88,144
P35056,1,24
P35056,129,151
P35056,182,202
P16862,2,573
P16862,144,167
P16862,346,348
P16862,390,392
P16862,481,484
P16862,574,587
P16862,588,959
P16862,716,720
P16862,761,763
P16862,853,856
P47104,1243,1357
Q12465,1129,1151
P06838,20,89
P28519,26,48
P31244,1,141
P21827,1,22
P21827,128,158
P48581,367,393
P10862,222,254
P10862,407,487
P06777,1,47
P06777,1063,1100
P32628,75,149
P32628,195,216
P32628,229,252
P38623,1,55
P38623,99,127
P38623,493,506
P38623,541,564
Q04418,1,35
Q04418,49,79
Q12044,127,213
Q12044,242,265
Q04779,1,48
Q9ZZV8,1,42
P38212,190,213
Q03446,125,149
Q03446,175,210
Q12270,243,262
P00127,25,89
P32641,24,54
P32641,596,659
P40475,1,50
Q00578,1,85
P40352,118,141
P40352,190,219
P38227,1,73
P07276,1,95
P07276,342,367
P07276,406,426
P07276,459,480
P07276,570,591
P07276,670,694
P07276,756,884
Q06665,1,38
P06839,750,778
P14736,23,51
P14736,701,754
Q05672,142,181
Q05672,195,291
Q05672,406,457
P25454,1,69
P06778,166,251
P06778,417,471
P22216,735,770
P22216,791,821
P32863,1,22
P32863,188,238
P32863,302,321
P38953,385,406
P32849,302,327
Q99359,1,90
P06779,1,200
P06779,1,22
P06779,41,68
P06779,105,137
P14737,1,40
P14737,280,299
P14737,342,365
P14737,490,512
P14737,636,655
P14737,691,731
Q06108,1,46
Q06108,69,89
Q06108,534,582
Q06108,979,1083
Q99188,213,264
P38339,1,21
P38339,325,439
P26754,1,38
Q12142,29,88
Q12142,128,159
Q12142,213,235
P53858,185,287
P53858,305,387
P53858,506,526
P53858,618,644
P53858,685,734
P35817,1,69
P35817,85,150
P35817,283,304
P35817,424,447
P35817,486,523
P35817,594,636
P35817,649,686
Q07442,1,54
Q07442,250,306
Q07442,435,460
Q07442,586,638
P53226,1,38
P53226,123,160
P53226,194,232
P53226,326,358
P53286,223,264
P53286,276,410
P14772,877,899
P14772,1420,1439
P40351,1,24
Q99299,55,77
Q99299,314,414
Q99299,636,702
P53836,465,589
P53836,801,942
P53836,955,1060
P47019,1,43
P47019,72,91
Q04412,116,156
P53309,262,302
P36012,1,78
P36012,132,229
P32629,424,500
P16550,50,70
P16550,93,94
P16550,151,154
P16550,273,275
P15274,1,61
P15274,114,137
P15274,433,438
P15274,708,711
Q12102,560,611
P53298,1,37
P53298,59,122
P53298,317,340
P53298,353,400
P53298,379,406
P32457,1,83
P32457,126,133
P32457,156,181
P32457,204,207
P32457,286,289
P32457,496,520
Q12349,89,124
P39981,21,48
Q06032,239,263
Q06032,418,482
Q03654,244,286
Q03654,336,355
Q03654,460,490
P25656,1,25
P37366,1,45
P37366,289,325
P69771,1,103
P69771,104,204
P69771,176,204
P69771,185,204
P36108,183,232
P36108,203,232
O13577,1,40
O13577,109,133
Q03063,1,145
Q03063,212,452
Q03063,262,311
Q03063,331,395
Q03373,1,26
Q03373,67,87
P80428,323,379
P53946,418,444
Q12509,158,181
Q12386,1,150
Q06671,381,453
Q06321,1,89
Q06321,124,162
Q06321,427,467
P46989,161,194
Q12092,157,196
P38316,1,43
P38316,68,98
Q06628,279,359
Q06628,377,462
Q06628,432,520
Q06628,521,599
Q06628,690,719
P53855,2,21
P53855,264,286
P53855,1347,1373
Q12421,20,45
Q12421,120,145
P40458,1,41
P40458,345,381
Q06485,135,154
P46983,98,121
P46983,250,273
Q06159,15,50
Q03818,1,23
Q99325,197,243
P43601,174,197
P43601,284,287
P43601,328,358
P35193,21,28
P35193,126,150
P35193,254,367
P35193,406,415
P53104,490,509
P53104,880,886
Q07528,1,63
Q07528,126,156
Q02887,41,86
P38176,335,354
Q03771,363,387
P38346,1,24
P38346,78,166
P47041,93,126
Q06604,24,50
Q06604,132,160
Q06604,173,316
Q06604,541,576
P38084,1,48
P12630,466,505
P53890,63,103
P53890,171,211
P53890,242,352
P38934,346,368
P38934,447,470
P41695,1,35
P41695,351,370
P41695,398,420
P41695,511,545
P41695,567,600
Q12476,1,23
Q12476,227,274
Q12476,312,344
P41696,1,63
P41696,93,124
P41696,138,275
P41696,326,415
P41696,743,812
P41696,853,877
P29589,46,65
P43633,76,100
P43633,123,153
P43633,187,264
P43633,362,408
P33304,1,20
Q12449,158,212
P53943,1,44
P53943,61,82
P40024,1,43
Q04413,67,96
P40527,1,21
P40527,73,95
P40527,1131,1151
P19880,1,89
P19880,67,90
P19880,92,120
P19880,149,169
P19880,183,251
P19880,220,378
P19880,303,315
P19880,392,419
P19880,430,537
P19880,510,532
P19880,551,591
P19880,598,629
P24813,26,64
P24813,46,69
P24813,71,99
P24813,127,156
P24813,356,387
Q12675,1,74
Q12675,364,384
Q12675,1544,1563
P32448,467,525
P53895,28,50
Q08236,87,233
Q08236,267,378
Q08236,405,490
Q08236,524,618
P38041,139,163
P38041,333,356
P38041,390,438
P38041,544,762
P38041,930,980
Q12128,1,32
Q12128,362,409
P32657,21,176
P32657,974,1007
P32657,1220,1247
P32657,1270,1378
P53073,25,57
Q04952,791,824
P38310,44,66
P38310,433,465
P25619,290,332
Q12329,21,59
Q12329,81,127
Q12329,154,238
Q12329,347,375
P10591,606,642
P10592,605,639
P09435,608,649
P22202,608,642
P53096,26,340
P53096,428,452
Q02959,40,440
Q02959,525,573
Q02959,625,697
P0CS90,629,654
P40480,1,233
P40480,267,328
P40480,472,516
P40480,661,742
P40480,762,790
P32590,653,693
P48570,399,428
Q12122,1,27
Q03213,68,90
Q03213,102,159
Q03213,353,402
Q03213,496,610
P32589,653,693
P02829,219,262
P02829,221,263
P02829,679,709
P53892,1,20
P53892,223,249
P46958,22,55
P46958,67,92
P46958,117,143
P39730,1,172
P39730,184,402
P39730,412,419
P39730,437,441
P39730,476,479
P39730,530,533
P39730,598,600
P07342,43,68
P07342,499,579
P43579,1,133
P43579,465,550
P40154,1,232
P40154,244,306
Q12345,29,70
Q08561,1,40
Q08561,70,116
P32617,1,28
P38912,1,26
P38912,133,153
P15496,33,58
P43598,1,101
P43598,146,175
P20459,283,304
Q12263,378,412
Q12263,425,469
Q12263,573,592
Q12263,676,698
Q12263,903,1031
P38431,143,202
P38930,1,29
P39103,49,70
Q08977,513,551
P40319,318,345
P08640,209,975
P08640,210,249
P08640,262,287
P08640,313,852
P08640,343,762
P08640,937,1119
P08640,1008,1032
Q12276,19,241
Q12276,263,288
Q12276,816,836
Q12276,1109,1157
Q12276,1192,1224
Q08109,226,256
Q08109,517,551
P32464,363,399
P38284,1,32
P38284,82,142
P18963,375,430
P18963,450,487
P18963,946,988
P18963,1003,1023
P33399,222,275
P36016,833,881
P32505,102,160
P32505,121,156
P32505,196,236
P32505,209,228
P32505,503,525
P38996,1,174
P38996,252,293
P38996,571,675
P38996,717,802
Q03735,112,133
Q03735,151,173
Q03735,464,491
Q03735,918,959
Q03735,1043,1092
P08964,460,529
P08964,629,657
P36006,1,20
P36006,588,610
P36006,951,1015
P36006,1029,1141
P36006,1217,1272
Q08229,1,78
Q08229,102,133
Q08229,146,165
Q08229,267,286
Q08229,275,501
Q08229,338,366
P38879,85,137
Q02642,19,42
Q02642,126,157
P53919,1,117
P53919,172,230
P53919,237,351
P53919,472,492
Q04439,1,20
Q04439,588,610
Q04439,951,1106
Q04439,1139,1167
P52919,34,74
P52919,278,319
P53914,433,463
P53914,638,640
P53914,645,651
P12945,626,668
P37293,68,90
P36059,182,188
P36059,224,246
Q06148,270,342
Q06201,1,31
P30606,25,83
P40531,299,326
P13434,1,31
P13434,69,80
Q02516,1,108
P48566,26,127
P48365,470,505
Q12060,1,58
Q12060,352,383
P23585,1,22
P40885,1,45
P53115,137,311
P53115,393,452
P53115,1456,1489
P43596,1,137
P43596,672,693
P43596,749,787
P28496,1,25
P28496,390,418
P47074,397,515
P11746,97,137
P11746,167,264
P25573,1,28
P25573,387,417
Q12019,305,528
Q12019,636,975
Q12019,695,803
Q12019,1054,1280
Q12019,1345,1624
Q12019,1732,1985
Q12019,2036,2286
Q12019,2372,4075
Q12019,4045,4600
P22211,1,68
P22211,151,188
P22211,234,258
P22211,276,357
P22211,666,704
P22211,766,790
P38837,1,23
P39923,143,176
P39923,354,398
P39923,527,551
Q12457,1,21
Q12457,37,68
Q12457,100,138
P38742,90,159
P38742,177,221
P38742,237,340
P38742,440,466
P38742,979,1047
P49687,1,36
P49687,133,165
P49687,249,278
P49687,390,450
P49687,398,523
P49687,460,604
P40064,21,50
P40064,1372,1391
P40477,1,500
P40477,401,435
P40477,483,504
P40477,497,701
P40477,533,619
P40477,647,704
P40477,727,824
P40477,861,1092
P40477,1086,1175
P40477,1223,1460
Q04958,1,21
Q04958,261,304
Q04958,498,527
Q04958,586,672
Q04958,775,800
Q04958,855,882
P38181,1,31
P38181,233,261
Q02205,89,147
Q9P305,1,26
Q9P305,81,131
P47170,1,37
P47170,49,89
P47170,732,752
P47170,1286,1312
P53119,1,25
P53843,190,283
P53843,251,298
P36035,1,65
P53901,300,409
P13134,651,671
P13134,756,814
P09620,502,603
P09620,674,729
Q12055,38,61
Q12055,113,123
Q12055,176,197
Q08550,71,102
Q12411,1,50
Q12411,68,96
Q12411,124,165
Q12411,586,609
P38439,1,111
P38439,344,464
Q12342,413,491
Q00539,1,35
Q00539,239,260
P38757,53,80
P38757,132,168
Q03435,78,97
Q03435,161,203
P11632,1,23
P11632,69,93
P11633,1,31
P11633,69,99
P40460,1,95
Q08887,1,31
Q08887,98,117
Q08887,410,475
Q08887,493,554
Q06568,114,139
Q08444,120,205
Q08444,366,385
P32494,1,29
P32494,90,224
P32494,611,636
P32494,672,702
Q03264,1,54
Q03264,353,381
Q03210,1,75
Q03210,334,369
P39744,1,64
P39744,76,114
P39744,138,169
P39744,672,710
P38830,324,410
Q07896,1,132
P41910,69,91
P41910,104,138
P41910,152,223
P27636,360,702
P27636,554,592
P27636,751,974
P27636,941,974
P25333,1,86
P25333,150,171
P25333,267,301
Q12180,185,208
P0CE41,1,56
P0CE41,126,208
P0CE41,244,444
P0CE41,432,458
P0CE41,706,767
P0CE41,1384,1411
Q08484,1,152
Q08484,187,233
Q08484,543,564
P07278,2,183
P07278,8,45
P07278,65,138
P11927,1,38
P11927,69,101
P11927,207,227
P38692,308,347
P38692,615,760
P38692,787,831
P38692,901,956
P17119,1,109
P17119,1,48
P25583,1,25
P20485,1,36
P32526,506,534
P32526,606,644
P39996,66,95
P39996,107,132
P39734,1,52
P39734,170,193
P39734,230,257
P39734,270,334
O14467,1,29
O14467,41,119
O14467,78,98
P53390,448,489
P34072,95,167
P34072,209,279
P34072,291,320
P34072,343,366
P34072,381,432
P34072,551,584
P46151,308,329
P25588,68,90
P25588,166,200
P25588,294,316
P25588,336,365
P25588,527,620
P25588,724,743
P25588,881,903
P25588,1058,1096
P22148,12,26
P22148,104,138
P22148,155,260
P43573,152,197
P43573,300,344
P43573,421,458
P43573,535,624
P43573,752,796
P46947,1,37
P46947,118,149
P24784,1,90
P24784,542,617
Q12497,30,93
Q07651,253,309
P39732,449,573
P39732,593,626
Q03016,1,239
Q03016,394,417
Q03016,1016,1036
Q03016,1119,1167
Q03016,1221,1247
Q03833,324,355
Q03833,521,558
Q03833,756,810
Q04233,145,269
Q04233,281,322
Q04233,338,367
Q04233,387,423
Q04233,557,603
Q04233,637,701
P36125,1,33
P38682,145,255
P38682,268,338
Q08886,464,496
Q08886,638,706
P51979,1,41
P51979,1146,1187
P12684,716,722
P12684,873,875
P12684,1015,1016
P12684,1018,1045
P32467,1,56
P41948,428,441
P41948,442,449
P41948,450,485
P41948,455,499
P05453,1,34
P05453,2,239
P05453,5,135
P05453,63,99
P05453,112,234
P05453,139,249
P05453,267,274
P05453,323,327
P05453,344,347
P05453,406,409
P05453,448,450
Q06205,58,116
Q06205,161,284
P32768,197,240
P32768,278,1087
P32768,770,799
P32768,860,889
P32768,995,1024
P32768,1118,1157
P32768,1161,1232
P32768,1226,1392
P32768,1392,1414
P32768,1408,1434
P32768,1468,1497
P06775,45,78
Q12373,80,199
Q12373,85,163
Q12373,248,332
Q12373,340,385
P40079,146,211
P40079,301,357
P32769,1,21
P32769,105,138
P32769,174,181
P32769,230,234
P32769,251,254
P32769,313,316
P32769,352,354
P49775,143,164
Q05164,72,301
Q05164,93,278
Q05164,745,902
Q05164,836,857
Q12296,421,495
Q12296,515,540
Q12296,557,597
Q12296,626,706
P38217,361,395
P47912,1,21
P32259,62,92
P36046,75,292
P36046,351,403
P23748,72,93
P23748,111,192
P23748,449,469
P23748,510,554
P40002,90,157
P40002,232,254
P40002,314,389
P40002,425,479
P40002,528,552
P53968,1,50
P53968,159,195
P53968,401,486
Q03220,1,23
P20449,1,62
P24783,1,56
P24783,493,546
P24783,505,530
Q04089,1,50
Q04089,99,177
Q04089,158,172
Q04089,372,375
Q04089,395,404
Q04089,459,460
Q02979,43,64
P38125,1,28
P38125,49,95
P38125,548,572
P53720,359,384
P47155,175,203
P21190,102,135
P50942,133,161
P50942,955,1183
P53035,252,283
P53035,316,364
Q08773,1,58
Q08773,129,153
Q08773,764,783
Q08773,828,853
Q08773,1062,1120
P38853,1,106
P38853,550,589
P22517,323,334
P22517,421,447
P25389,372,494
P25389,746,804
P25389,810,829
P25389,861,918
P40577,140,167
P40577,286,336
Q12494,87,117
Q12494,129,177
Q12494,269,319
Q12494,396,423
Q12494,508,539
Q12494,562,625
Q12494,772,780
P07866,235,256
P07866,338,365
P07866,582,689
P07866,723,747
P07866,851,871
P53091,1,94
P53091,200,257
P53091,852,901
P29496,1,22
P47029,115,141
P47029,168,230
P47029,605,627
P47029,651,820
P47029,868,889
P47029,986,1017
P22149,1,21
P22149,148,205
P22149,335,357
P22149,612,655
P53886,1,24
P53886,1435,1479
P0CD90,1,35
P53933,1,28
P53933,150,178
P53933,452,521
P53933,467,483
P07249,1,82
P07249,157,177
P25558,789,998
P25558,1025,1063
P25558,1107,1130
P25558,1152,1179
P25558,1331,1354
P25558,1435,1465
Q03758,1,89
P40986,1,33
Q06697,210,235
P40564,117,187
P39517,1,20
P39517,459,506
P36152,1,158
P36152,137,170
P36152,159,242
P36152,252,268
P36152,311,325
P47110,131,350
P36041,1,80
P36041,149,204
P36041,248,313
P36041,347,378
P36041,429,541
P36041,587,632
P15436,1,21
Q03212,479,550
P40318,291,315
P40318,329,381
P47027,651,675
P47027,710,764
P21951,90,110
P24482,98,155
P27344,102,165
P27344,178,201
P47013,15,35
P47013,128,136
P47013,157,160
P47013,203,214
Q04603,125,196
P15801,1125,1145
P15801,1202,1240
P32770,389,415
P32770,511,561
P32770,622,661
P36049,29,190
P36049,360,427
Q05610,28,49
Q05610,215,246
Q05610,286,335
Q03466,596,645
Q03466,755,774
P54858,15,45
P54858,131,151
P54858,240,310
Q06337,1,31
Q06337,115,143
Q06337,157,207
Q06337,414,440
Q06337,768,792
Q06337,822,872
Q06337,913,982
Q99247,578,600
Q99247,747,784
Q99247,963,994
Q12432,39,65
Q12432,117,210
P39995,147,179
Q04110,1,67
Q04110,162,187
P38195,88,140
P38195,222,257
P47128,36,64
P39009,1,29
P53911,143,425
P53168,27,47
P53168,172,247
P32892,1,61
P32892,119,223
P32892,673,752
Q06011,82,112
P39715,28,48
P39715,188,212
P38167,1,48
P38167,63,155
P38167,275,312
P38167,486,523
P38167,1016,1065
P38167,1079,1117
Q05958,1,42
Q05958,140,159
Q05958,344,378
Q05958,401,485
Q02710,106,127
Q02710,167,187
P32525,362,447
P32525,468,495
P32525,543,563
P33413,553,572
Q06673,23,42
Q06673,405,439
Q06673,494,517
Q06673,803,842
Q06673,1100,1149
P32644,157,187
P32644,233,452
P38248,361,410
Q04632,375,514
P16474,146,300
P16474,420,520
P16474,652,682
P22804,1,36
Q06333,1,21
Q08965,1,39
Q08965,76,83
Q08965,104,108
Q08965,119,122
Q08965,172,175
Q08965,207,216
Q08965,427,494
Q08965,639,709
Q08965,1123,1183
P32357,261,282
P32357,331,355
P40493,286,307
P47129,1,80
P47129,164,240
P47129,286,309
P11709,108,157
P27637,61,258
P27637,334,367
P27637,396,421
P27637,464,510
P27637,525,571
P27637,600,680
P38772,318,366
P38305,1,42
P36122,1,31
P36122,735,765
P36117,182,202
P36117,593,614
P53958,1,22
P53958,98,126
P53958,145,168
P53958,203,239
P53958,254,274
P53958,355,396
P53838,19,48
P40507,265,360
P25376,32,52
P25376,86,116
P07248,175,216
P53894,1,180
P53894,242,261
P53894,707,732
P53940,485,528
P22516,161,188
Q06632,445,465
P39524,1,50
P39524,1305,1355
P54074,467,490
Q03772,1,20
Q03772,53,159
P32447,1,155
P32447,1,143
P32447,156,279
P53865,86,150
P48361,1,32
P48361,171,194
P48361,553,575
P48361,835,854
P48361,909,982
P48361,1124,1146
P50275,1,30
P50275,724,759
P50275,789,812
Q12510,38,100
Q12145,1,22
Q07897,22,79
Q03690,19,39
Q03690,148,176
Q03690,1212,1277
P47001,83,127
P20486,115,150
P53264,20,41
P38779,1,29
P38779,310,376
P38779,356,376
P48562,12,34
P48562,247,524
Q01649,1,29
P27895,1,28
P27895,220,248
P27895,260,312
P27895,970,1000
P17891,1,124
P17891,144,204
P40019,1,153
P40019,87,108
P23293,414,657
Q12389,1,120
Q12389,389,427
Q12389,889,973
P38308,35,103
P38308,271,328
P38308,369,396
P38308,414,460
Q08949,576,612
Q06349,31,56
P38213,1,46
P38213,178,208
P38213,229,410
P38213,440,461
P38121,115,199
P41913,56,88
P41913,222,268
P41913,300,391
P41913,433,489
Q04839,1,128
P25370,1,41
P40056,1,72
P40056,87,106
P47102,262,287
P39993,1412,1459
P15442,149,171
P15442,671,691
P15442,727,768
P15442,999,1519
P03069,89,100
P03069,106,125
P03069,217,248
P03069,231,251
P03069,253,274
P41818,1,21
P41818,35,62
P41818,107,229
Q03330,1,59
Q03330,177,179
Q03330,184,190
Q03330,216,219
P38817,358,378
P07261,267,299
P07261,342,381
P07261,416,451
P07261,481,620
P07261,632,785
Q01722,29,122
Q01722,230,333
Q01722,497,534
P35197,138,181
P35197,196,231
P35197,315,352
Q12315,9,39
Q12315,151,226
Q12315,257,538
P36143,10,16
P36143,120,122
P36143,158,160
P36143,185,189
P36143,247,253
P36143,283,320
P36143,335,354
P36143,371,525
P36143,553,588
P47011,10,16
P47011,120,122
P47011,158,160
P47011,185,189
P47011,249,255
P47011,331,355
P38785,112,156
P38785,199,221
P38785,241,261
Q06648,63,106
Q06648,155,189
Q06648,319,361
P38263,1,40
P38263,240,267
P25569,433,454
P40208,1,21
P13587,499,525
Q01896,499,525
Q12691,499,525
P32907,1,34
P36107,374,401
P34730,236,273
P47134,375,419
P47134,541,645
P47134,661,685
P47134,798,839
Q08981,1,38
P39960,1,209
P39960,243,305
P39960,353,372
P39960,1771,1828
P32873,194,241
P32873,345,391
P32873,418,486
P32873,746,777
P32873,796,838
Q08269,1,281
Q08269,330,399
Q08269,830,859
P38285,1,39
Q07732,8,122
Q01574,1,39
Q01574,248,251
P40529,137,180
Q04217,1,67
Q04217,168,233
Q04217,255,313
Q04217,693,720
Q04217,955,976
Q04739,1,37
Q04739,64,155
Q04739,152,342
Q04739,250,269
Q04739,343,417
P40077,500,519
P32789,53,93
P32789,228,312
P39925,67,101
P53974,482,518
P53974,569,638
P53974,602,615
P28777,39,61
P53244,123,145
P53244,182,217
P35734,99,118
P35734,149,194
P35734,227,292
P29465,19,53
P29465,74,97
P25627,256,275
Q12734,273,342
Q12734,513,532
Q12734,579,600
Q12734,837,860
Q12734,999,1022
Q12734,1075,1121
Q05029,51,71
Q05029,711,724
P39969,1,39
P39969,365,412
P39969,437,478
P39969,491,744
P39969,943,986
P39969,1007,1040
P40512,419,439
P47179,123,309
P47179,134,286
P47179,326,345
P47179,354,547
P47179,373,540
P47179,691,713
P47179,826,1040
P33322,357,483
P33322,434,463
P38273,281,322
P46963,25,44
P06634,1,55
P06634,67,94
P06634,533,604
P32328,24,62
P40989,1,143
P40989,269,292
P36120,45,100
P36120,701,726
P53924,1,56
P53924,69,92
P41698,1,25
P41698,83,150
P41698,190,212
P41698,286,479
P39713,380,417
P29366,1,73
P43550,40,59
P43550,58,61
P38822,429,495
Q04659,16,35
Q99321,1,23
Q04792,35,60
P32330,1,60
P32330,723,748
P04386,723,743
P21623,1,23
P54861,35,42
P54861,61,63
P54861,175,178
P54861,244,247
P54861,274,277
P54861,557,597
P13382,1,34
P13382,71,135
P13382,166,205
P13382,256,275
P13382,813,837
P13382,1246,1381
P53978,975,1044
P32190,86,110
Q08649,88,114
Q08649,303,307
Q08649,312,318
Q06340,1,154
P36168,1,38
P36168,55,130
P36168,179,268
P36168,610,643
P39875,1,96
P39875,114,247
P39875,465,571
P39875,660,685
P40433,1,97
P40433,149,175
P40433,649,704
P40433,799,827
P38903,1,172
P38903,188,250
P38903,734,757
P31383,1,33
Q00362,390,458
P48582,703,734
P48582,763,844
P38928,447,467
P38928,539,576
P38928,596,627
P38928,700,734
P38928,751,771
P38080,405,466
P38080,493,534
P38080,590,663
P38080,765,791
P38080,807,838
P38080,858,1108
P39010,1,38
P39010,51,71
P38971,40,66
Q2V2Q1,1,35
P03875,162,188
P40563,1,85
P40563,110,522
P40563,383,396
P40563,549,580
P40563,593,679
P38266,1,334
P38266,354,810
P38266,824,904
Q02336,325,352
P32794,1,26
Q12433,1,65
Q12433,231,256
Q12433,384,411
Q12433,449,566
P32323,53,493
P32323,168,318
P32323,182,307
P32323,335,363
P25613,1,41
P22936,312,367
P06101,472,506
Q06822,372,391
P34233,85,109
P34233,377,398
P34233,417,495
P38170,104,149
P38170,359,379
P38170,665,688
P53854,99,179
P29547,212,256
P36008,216,253
P53080,1,113
P53080,155,175
P40023,1,74
P40023,89,115
P39998,64,92
P43605,86,105
P32502,125,148
P53137,366,390
P53137,435,469
P53137,546,624
P38073,1,54
P38073,297,338
P53337,11,31
P47977,37,55
P47977,132,164
P47977,252,271
Q08923,49,71
Q08923,138,425
Q03957,1,148
Q03957,497,528
P53267,1,35
P53267,150,219
P53267,302,343
P53121,629,802
P38631,1,108
P53734,1,129
P20448,705,724
P39712,197,240
P39712,278,862
P39712,770,799
P39712,816,843
P39712,892,936
P39712,950,1018
P39712,1013,1186
P39712,1186,1221
P39712,1256,1284
P53847,1,200
P53847,406,459
P53847,406,440
P53847,425,454
P38844,109,148
P38844,167,200
P38844,215,279
Q08641,1,106
Q08641,124,269
Q08641,302,331
P47068,68,116
P47068,135,156
P47068,231,256
P47068,284,888
Q12365,34,76
Q08548,592,619
Q99222,25,488
Q99222,841,893
P53829,1,91
P50077,1,171
P50077,206,288
P50077,2011,2039
P09798,67,97
P09798,173,212
P09798,329,350
P09798,802,840
P11433,1,24
P11433,542,571
P11433,674,745
Q08032,168,227
Q08032,442,462
Q12123,333,353
P17214,641,663
